"level","unit_id","unit_title","passage_id","passage_order","sentence_id","sentence_order","sentence_pattern_id","pattern_name","pattern_cefr","is_new_sentence_pattern","lesson_id","lesson_title","sentence","translation","grammar","occurrence_id","token_order","token_id","lexeme_id","sense_id","type","answer","lemma","prompt","prompt_type","partOfSpeech","dictionary_pos","context_pos","semanticRole","chunk_id","chunk_text","chunk_translation","chunk_order","chunk_note","pattern_id","kk_us","ipa_us","ipa_standalone","ipa_in_sentence","kk","ipa","syllables","stress_syllable","display_syllables","note","audio_method","audio_status","word_audio_source","audio_source","sentence_audio_source","license","is_new_word","is_new_pattern","is_new_combination","is_new_content","qa_status"
"A1","a1-u1","打招呼與自我介紹","a1-u1-l1-p01","1","a1-u1-l1-p01-s01","1","be-identification","主詞 + be + 身分／名稱","A1","TRUE","a1-u1-l1","我是誰","I am Amy.","我是 Amy。","主詞 I 搭配 be 動詞 am","a1-u1-l1-t01","1","i","i","i-general","word","I","I","我","meaning","pronoun 代名詞","pronoun 代名詞","pronoun 代名詞","指稱","","","","","","","/aɪ/","/aɪ/","/aɪ/","","/aɪ/","/aɪ/","I","單音節","I","英文的 I 永遠要大寫。","not_configured","pending","","","","pending","TRUE","FALSE","FALSE","TRUE","v3規則已通過；句中發音、音訊與授權待人工複核"
"A1","a1-u1","打招呼與自我介紹","a1-u1-l1-p01","1","a1-u1-l1-p01-s01","1","be-identification","主詞 + be + 身分／名稱","A1","TRUE","a1-u1-l1","我是誰","I am Amy.","我是 Amy。","主詞 I 搭配 be 動詞 am","a1-u1-l1-t02","2","am","be","be-identification","word","am","be","是","meaning","verb 動詞","verb 動詞","verb 動詞","動作／狀態","","","","","","","/æm/","/æm/","/æm/","","/æm/","/æm/","am","單音節","am","am 只和 I 搭配。","not_configured","pending","","","","pending","TRUE","FALSE","FALSE","TRUE","v3規則已通過；句中發音、音訊與授權待人工複核"
"A1","a1-u1","打招呼與自我介紹","a1-u1-l1-p01","1","a1-u1-l1-p01-s01","1","be-identification","主詞 + be + 身分／名稱","A1","TRUE","a1-u1-l1","我是誰","I am Amy.","我是 Amy。","主詞 I 搭配 be 動詞 am","a1-u1-l1-t03","3","amy","amy","amy-general","word","Amy","Amy","Amy（人名）","meaning","proper noun 專有名詞","proper noun 專有名詞","proper noun 專有名詞","人／事物／時間","","","","","","","/ˈemɪ/","/ˈeɪ.mi/","/ˈeɪ.mi/","","/ˈemɪ/","/ˈeɪ.mi/","A-my","第一音節","A・my","","not_configured","pending","","","","pending","TRUE","FALSE","FALSE","TRUE","v3規則已通過；句中發音、音訊與授權待人工複核"
"A1","a1-u1","打招呼與自我介紹","a1-u1-l2-p01","2","a1-u1-l2-p01-s01","1","name-identification","介紹姓名","A1","TRUE","a1-u1-l2","我的名字","My name is Ben.","我的名字是 Ben。","My name is ...","a1-u1-l2-t01","1","my-initial","my","my-possessive","word","My","my","我的","meaning","determiner 限定詞","determiner 限定詞","determiner 限定詞","限定","","","","","","","/maɪ/","/maɪ/","/maɪ/","","/maɪ/","/maɪ/","My","單音節","My","","not_configured","pending","","","","pending","TRUE","FALSE","FALSE","TRUE","v3規則已通過；句中發音、音訊與授權待人工複核"
"A1","a1-u1","打招呼與自我介紹","a1-u1-l2-p01","2","a1-u1-l2-p01-s01","1","name-identification","介紹姓名","A1","TRUE","a1-u1-l2","我的名字","My name is Ben.","我的名字是 Ben。","My name is ...","a1-u1-l2-t02","2","name","name","name-general","word","name","name","名字","meaning","noun 名詞","noun 名詞","noun 名詞","人／事物／時間","","","","","","","/nem/","/neɪm/","/neɪm/","","/nem/","/neɪm/","name","單音節","name","","not_configured","pending","","","","pending","TRUE","FALSE","FALSE","TRUE","v3規則已通過；句中發音、音訊與授權待人工複核"
"A1","a1-u1","打招呼與自我介紹","a1-u1-l2-p01","2","a1-u1-l2-p01-s01","1","name-identification","介紹姓名","A1","TRUE","a1-u1-l2","我的名字","My name is Ben.","我的名字是 Ben。","My name is ...","a1-u1-l2-t03","3","is","be","be-identification","word","is","be","是","meaning","verb 動詞","verb 動詞","verb 動詞","動作／狀態","","","","","","","/ɪz/","/ɪz/","/ɪz/","","/ɪz/","/ɪz/","is","單音節","is","","not_configured","pending","","","","pending","FALSE","FALSE","FALSE","TRUE","v3規則已通過；句中發音、音訊與授權待人工複核"
"A1","a1-u1","打招呼與自我介紹","a1-u1-l2-p01","2","a1-u1-l2-p01-s01","1","name-identification","介紹姓名","A1","TRUE","a1-u1-l2","我的名字","My name is Ben.","我的名字是 Ben。","My name is ...","a1-u1-l2-t04","4","ben","ben","ben-general","word","Ben","Ben","Ben（人名）","meaning","proper noun 專有名詞","proper noun 專有名詞","proper noun 專有名詞","人／事物／時間","","","","","","","/bɛn/","/ben/","/ben/","","/bɛn/","/ben/","Ben","單音節","Ben","","not_configured","pending","","","","pending","TRUE","FALSE","FALSE","TRUE","v3規則已通過；句中發音、音訊與授權待人工複核"
"A1","a1-u1","打招呼與自我介紹","a1-u1-l3-p01","3","a1-u1-l3-p01-s01","1","fixed-social-expression","第一次見面的常用固定說法","A1","TRUE","a1-u1-l3","很高興認識你","Nice to meet you.","很高興認識你。","第一次見面時使用的常用表達。","a1-u1-l3-t01","1","nice","nice","nice-fixed-expression","word","Nice","nice","用於表達「很高興」","context","adjective 形容詞","adjective 形容詞","adjective 形容詞","一般","","","","","","","/naɪs/","/naɪs/","/naɪs/","","/naɪs/","/naɪs/","Nice","單音節","Nice","","not_configured","pending","","","","pending","TRUE","FALSE","FALSE","TRUE","v3規則已通過；句中發音、音訊與授權待人工複核"
"A1","a1-u1","打招呼與自我介紹","a1-u1-l3-p01","3","a1-u1-l3-p01-s01","1","fixed-social-expression","第一次見面的常用固定說法","A1","TRUE","a1-u1-l3","很高興認識你","Nice to meet you.","很高興認識你。","第一次見面時使用的常用表達。","a1-u1-l3-t02","2","to-infinitive","to","to-infinitive","word","to","to","不定詞標記（後接動詞原形）","grammar","infinitive marker 不定詞標記","preposition／infinitive marker 介系詞／不定詞標記","infinitive marker 不定詞標記","文法連接","to-meet","to meet","認識／見到","1","to meet 中的 to 是不定詞標記，meet 表示認識或見到。","","/tə/","/tə/","/tə/","","/tə/","/tə/","to","單音節","to","","not_configured","pending","","","","pending","TRUE","FALSE","TRUE","TRUE","v3規則已通過；句中發音、音訊與授權待人工複核"
"A1","a1-u1","打招呼與自我介紹","a1-u1-l3-p01","3","a1-u1-l3-p01-s01","1","fixed-social-expression","第一次見面的常用固定說法","A1","TRUE","a1-u1-l3","很高興認識你","Nice to meet you.","很高興認識你。","第一次見面時使用的常用表達。","a1-u1-l3-t03","3","meet","meet","meet-general","word","meet","meet","認識／見到","meaning","verb 動詞","verb 動詞","verb 動詞","動作","to-meet","to meet","認識／見到","1","to meet 中的 to 是不定詞標記，meet 表示認識或見到。","","/mit/","/miːt/","/miːt/","","/mit/","/miːt/","meet","單音節","meet","","not_configured","pending","","","","pending","TRUE","FALSE","TRUE","TRUE","v3規則已通過；句中發音、音訊與授權待人工複核"
"A1","a1-u1","打招呼與自我介紹","a1-u1-l3-p01","3","a1-u1-l3-p01-s01","1","fixed-social-expression","第一次見面的常用固定說法","A1","TRUE","a1-u1-l3","很高興認識你","Nice to meet you.","很高興認識你。","第一次見面時使用的常用表達。","a1-u1-l3-t04","4","you","you","you-general","word","you","you","你","meaning","pronoun 代名詞","pronoun 代名詞","pronoun 代名詞","指稱","","","","","","","/ju/","/juː/","/juː/","","/ju/","/juː/","you","單音節","you","","not_configured","pending","","","","pending","TRUE","FALSE","FALSE","TRUE","v3規則已通過；句中發音、音訊與授權待人工複核"
"A1","a1-u1","打招呼與自我介紹","a1-u1-l4-p01","4","a1-u1-l4-p01-s01","1","be-origin","be + from 表示來源","A1","TRUE","a1-u1-l4","我來自台灣","I am from Taiwan.","我來自台灣。","be from 表示來自某地","a1-u1-l4-t01","1","i","i","i-general","word","I","I","我","meaning","pronoun 代名詞","pronoun 代名詞","pronoun 代名詞","指稱","","","","","","","/aɪ/","/aɪ/","/aɪ/","","/aɪ/","/aɪ/","I","單音節","I","英文的 I 永遠要大寫。","not_configured","pending","","","","pending","FALSE","FALSE","FALSE","TRUE","v3規則已通過；句中發音、音訊與授權待人工複核"
"A1","a1-u1","打招呼與自我介紹","a1-u1-l4-p01","4","a1-u1-l4-p01-s01","1","be-origin","be + from 表示來源","A1","TRUE","a1-u1-l4","我來自台灣","I am from Taiwan.","我來自台灣。","be from 表示來自某地","a1-u1-l4-t02","2","am","be","be-identification","word","am","be","是","meaning","verb 動詞","verb 動詞","verb 動詞","動作／狀態","","","","","","","/æm/","/æm/","/æm/","","/æm/","/æm/","am","單音節","am","am 只和 I 搭配。","not_configured","pending","","","","pending","FALSE","FALSE","FALSE","TRUE","v3規則已通過；句中發音、音訊與授權待人工複核"
"A1","a1-u1","打招呼與自我介紹","a1-u1-l4-p01","4","a1-u1-l4-p01-s01","1","be-origin","be + from 表示來源","A1","TRUE","a1-u1-l4","我來自台灣","I am from Taiwan.","我來自台灣。","be from 表示來自某地","a1-u1-l4-t03","3","from","from","from-origin","word","from","from","來自","meaning","preposition 介系詞","preposition 介系詞","preposition 介系詞","一般","","","","","","","/frəm/","/frəm/","/frəm/","","/frəm/","/frəm/","from","單音節","from","","not_configured","pending","","","","pending","TRUE","FALSE","FALSE","TRUE","v3規則已通過；句中發音、音訊與授權待人工複核"
"A1","a1-u1","打招呼與自我介紹","a1-u1-l4-p01","4","a1-u1-l4-p01-s01","1","be-origin","be + from 表示來源","A1","TRUE","a1-u1-l4","我來自台灣","I am from Taiwan.","我來自台灣。","be from 表示來自某地","a1-u1-l4-t04","4","taiwan","taiwan","taiwan-general","word","Taiwan","Taiwan","台灣","meaning","proper noun 專有名詞","proper noun 專有名詞","proper noun 專有名詞","人／事物／時間","","","","","","","/taɪˈwɑn/","/taɪˈwɑːn/","/taɪˈwɑːn/","","/taɪˈwɑn/","/taɪˈwɑːn/","Tai-wan","第二音節","Tai・wan","","not_configured","pending","","","","pending","TRUE","FALSE","FALSE","TRUE","v3規則已通過；句中發音、音訊與授權待人工複核"
"A1","a1-u2","身邊物品","a1-u2-l1-p01","1","a1-u2-l1-p01-s01","1","demonstrative-identification","This／That + be + 名詞","A1","TRUE","a1-u2-l1","這是一本書","This is a book.","這是一本書。","This is ...","a1-u2-l1-t01","1","this","this","this-general","word","This","this","這個","meaning","pronoun 代名詞","pronoun 代名詞","pronoun 代名詞","指稱","","","","","","","/ðɪs/","/ðɪs/","/ðɪs/","","/ðɪs/","/ðɪs/","This","單音節","This","","not_configured","pending","","","","pending","TRUE","FALSE","FALSE","TRUE","v3規則已通過；句中發音、音訊與授權待人工複核"
"A1","a1-u2","身邊物品","a1-u2-l1-p01","1","a1-u2-l1-p01-s01","1","demonstrative-identification","This／That + be + 名詞","A1","TRUE","a1-u2-l1","這是一本書","This is a book.","這是一本書。","This is ...","a1-u2-l1-t02","2","is","be","be-identification","word","is","be","是","meaning","verb 動詞","verb 動詞","verb 動詞","動作／狀態","","","","","","","/ɪz/","/ɪz/","/ɪz/","","/ɪz/","/ɪz/","is","單音節","is","","not_configured","pending","","","","pending","FALSE","FALSE","FALSE","TRUE","v3規則已通過；句中發音、音訊與授權待人工複核"
"A1","a1-u2","身邊物品","a1-u2-l1-p01","1","a1-u2-l1-p01-s01","1","demonstrative-identification","This／That + be + 名詞","A1","TRUE","a1-u2-l1","這是一本書","This is a book.","這是一本書。","This is ...","a1-u2-l1-t03","3","a","a","a-general","word","a","a","一個","grammar","article 冠詞","article 冠詞","article 冠詞","限定","","","","","","","/ə/","/ə/","/ə/","","/ə/","/ə/","a","單音節","a","中文依名詞自然翻成「一本書」；量詞來自中文名詞搭配，不是 a 本身的意思。","not_configured","pending","","","","pending","TRUE","FALSE","FALSE","TRUE","v3規則已通過；句中發音、音訊與授權待人工複核"
"A1","a1-u2","身邊物品","a1-u2-l1-p01","1","a1-u2-l1-p01-s01","1","demonstrative-identification","This／That + be + 名詞","A1","TRUE","a1-u2-l1","這是一本書","This is a book.","這是一本書。","This is ...","a1-u2-l1-t04","4","book","book","book-general","word","book","book","書","meaning","noun 名詞","noun 名詞","noun 名詞","人／事物／時間","","","","","","","/bʊk/","/bʊk/","/bʊk/","","/bʊk/","/bʊk/","book","單音節","book","","not_configured","pending","","","","pending","TRUE","FALSE","FALSE","TRUE","v3規則已通過；句中發音、音訊與授權待人工複核"
"A1","a1-u2","身邊物品","a1-u2-l2-p01","2","a1-u2-l2-p01-s01","1","have-possession","have 表示擁有","A1","TRUE","a1-u2-l2","我有一枝筆","I have a pen.","我有一枝筆。","have 表示擁有","a1-u2-l2-t01","1","i","i","i-general","word","I","I","我","meaning","pronoun 代名詞","pronoun 代名詞","pronoun 代名詞","指稱","","","","","","","/aɪ/","/aɪ/","/aɪ/","","/aɪ/","/aɪ/","I","單音節","I","英文的 I 永遠要大寫。","not_configured","pending","","","","pending","FALSE","FALSE","FALSE","TRUE","v3規則已通過；句中發音、音訊與授權待人工複核"
"A1","a1-u2","身邊物品","a1-u2-l2-p01","2","a1-u2-l2-p01-s01","1","have-possession","have 表示擁有","A1","TRUE","a1-u2-l2","我有一枝筆","I have a pen.","我有一枝筆。","have 表示擁有","a1-u2-l2-t02","2","have","have","have-general","word","have","have","有","meaning","verb 動詞","verb 動詞","verb 動詞","動作／狀態","","","","","","","/hæv/","/hæv/","/hæv/","","/hæv/","/hæv/","have","單音節","have","","not_configured","pending","","","","pending","TRUE","FALSE","FALSE","TRUE","v3規則已通過；句中發音、音訊與授權待人工複核"
"A1","a1-u2","身邊物品","a1-u2-l2-p01","2","a1-u2-l2-p01-s01","1","have-possession","have 表示擁有","A1","TRUE","a1-u2-l2","我有一枝筆","I have a pen.","我有一枝筆。","have 表示擁有","a1-u2-l2-t03","3","a","a","a-general","word","a","a","一個","grammar","article 冠詞","article 冠詞","article 冠詞","限定","","","","","","","/ə/","/ə/","/ə/","","/ə/","/ə/","a","單音節","a","中文依名詞自然翻成「一本書」；量詞來自中文名詞搭配，不是 a 本身的意思。","not_configured","pending","","","","pending","FALSE","FALSE","FALSE","TRUE","v3規則已通過；句中發音、音訊與授權待人工複核"
"A1","a1-u2","身邊物品","a1-u2-l2-p01","2","a1-u2-l2-p01-s01","1","have-possession","have 表示擁有","A1","TRUE","a1-u2-l2","我有一枝筆","I have a pen.","我有一枝筆。","have 表示擁有","a1-u2-l2-t04","4","pen","pen","pen-general","word","pen","pen","筆","meaning","noun 名詞","noun 名詞","noun 名詞","人／事物／時間","","","","","","","/pɛn/","/pen/","/pen/","","/pɛn/","/pen/","pen","單音節","pen","","not_configured","pending","","","","pending","TRUE","FALSE","FALSE","TRUE","v3規則已通過；句中發音、音訊與授權待人工複核"
"A1","a1-u2","身邊物品","a1-u2-l3-p01","3","a1-u2-l3-p01-s01","1","demonstrative-identification","This／That + be + 名詞","A1","FALSE","a1-u2-l3","那是我的包包","That is my bag.","那是我的包包。","That is ...","a1-u2-l3-t01","1","that","that","that-general","word","That","that","那個","meaning","pronoun 代名詞","pronoun 代名詞","pronoun 代名詞","指稱","","","","","","","/ðæt/","/ðæt/","/ðæt/","","/ðæt/","/ðæt/","That","單音節","That","","not_configured","pending","","","","pending","TRUE","FALSE","FALSE","TRUE","v3規則已通過；句中發音、音訊與授權待人工複核"
"A1","a1-u2","身邊物品","a1-u2-l3-p01","3","a1-u2-l3-p01-s01","1","demonstrative-identification","This／That + be + 名詞","A1","FALSE","a1-u2-l3","那是我的包包","That is my bag.","那是我的包包。","That is ...","a1-u2-l3-t02","2","is","be","be-identification","word","is","be","是","meaning","verb 動詞","verb 動詞","verb 動詞","動作／狀態","","","","","","","/ɪz/","/ɪz/","/ɪz/","","/ɪz/","/ɪz/","is","單音節","is","","not_configured","pending","","","","pending","FALSE","FALSE","FALSE","FALSE","v3規則已通過；句中發音、音訊與授權待人工複核"
"A1","a1-u2","身邊物品","a1-u2-l3-p01","3","a1-u2-l3-p01-s01","1","demonstrative-identification","This／That + be + 名詞","A1","FALSE","a1-u2-l3","那是我的包包","That is my bag.","那是我的包包。","That is ...","a1-u2-l3-t03","3","my","my","my-possessive","word","my","my","我的","meaning","determiner 限定詞","determiner 限定詞","determiner 限定詞","限定","","","","","","","/maɪ/","/maɪ/","/maɪ/","","/maɪ/","/maɪ/","my","單音節","my","","not_configured","pending","","","","pending","FALSE","FALSE","FALSE","FALSE","v3規則已通過；句中發音、音訊與授權待人工複核"
"A1","a1-u2","身邊物品","a1-u2-l3-p01","3","a1-u2-l3-p01-s01","1","demonstrative-identification","This／That + be + 名詞","A1","FALSE","a1-u2-l3","那是我的包包","That is my bag.","那是我的包包。","That is ...","a1-u2-l3-t04","4","bag","bag","bag-general","word","bag","bag","包包","meaning","noun 名詞","noun 名詞","noun 名詞","人／事物／時間","","","","","","","/bæg/","/bæɡ/","/bæɡ/","","/bæg/","/bæɡ/","bag","單音節","bag","","not_configured","pending","","","","pending","TRUE","FALSE","FALSE","TRUE","v3規則已通過；句中發音、音訊與授權待人工複核"
"A1","a1-u2","身邊物品","a1-u2-l4-p01","4","a1-u2-l4-p01-s01","1","be-location","be + 地點表達","A1","TRUE","a1-u2-l4","手機在桌上","The cellphone is on the table.","手機在桌上。","on 表示在物體表面上","a1-u2-l4-t01","1","the-initial","the","the-definite-article","word","The","the","定冠詞（中文通常不翻譯）","grammar","article 冠詞","article 冠詞","article 冠詞","限定","","","","","","","/ðə/","/ðə/","/ðə/","","/ðə/","/ðə/","The","單音節","The","句首大寫形式；the 指雙方已知或特定的事物。","not_configured","pending","","","","pending","TRUE","FALSE","FALSE","TRUE","v3規則已通過；句中發音、音訊與授權待人工複核"
"A1","a1-u2","身邊物品","a1-u2-l4-p01","4","a1-u2-l4-p01-s01","1","be-location","be + 地點表達","A1","TRUE","a1-u2-l4","手機在桌上","The cellphone is on the table.","手機在桌上。","on 表示在物體表面上","a1-u2-l4-t02","2","cellphone","cellphone","cellphone-general","word","cellphone","cellphone","手機","meaning","noun 名詞","noun 名詞","noun 名詞","人／事物／時間","","","","","","","/ˈsɛlˌfon/","/ˈsel.foʊn/","/ˈsel.foʊn/","","/ˈsɛlˌfon/","/ˈsel.foʊn/","cell-phone","第一音節","cell・phone","意思接近 phone，但本課目標答案是 cellphone。","not_configured","pending","","","","pending","TRUE","FALSE","FALSE","TRUE","v3規則已通過；句中發音、音訊與授權待人工複核"
"A1","a1-u2","身邊物品","a1-u2-l4-p01","4","a1-u2-l4-p01-s01","1","be-location","be + 地點表達","A1","TRUE","a1-u2-l4","手機在桌上","The cellphone is on the table.","手機在桌上。","on 表示在物體表面上","a1-u2-l4-t03","3","is","be","be-location-or-time","word","is","be","是","meaning","verb 動詞","verb 動詞","verb 動詞","動作／狀態","","","","","","","/ɪz/","/ɪz/","/ɪz/","","/ɪz/","/ɪz/","is","單音節","is","","not_configured","pending","","","","pending","FALSE","FALSE","FALSE","TRUE","v3規則已通過；句中發音、音訊與授權待人工複核"
"A1","a1-u2","身邊物品","a1-u2-l4-p01","4","a1-u2-l4-p01-s01","1","be-location","be + 地點表達","A1","TRUE","a1-u2-l4","手機在桌上","The cellphone is on the table.","手機在桌上。","on 表示在物體表面上","a1-u2-l4-t04","4","on","on","on-surface","word","on","on","在……上面","meaning","preposition 介系詞","preposition 介系詞","preposition 介系詞","位置關係","","","","","","","/ɑn/","/ɑːn/","/ɑːn/","","/ɑn/","/ɑːn/","on","單音節","on","","not_configured","pending","","","","pending","TRUE","FALSE","FALSE","TRUE","v3規則已通過；句中發音、音訊與授權待人工複核"
"A1","a1-u2","身邊物品","a1-u2-l4-p01","4","a1-u2-l4-p01-s01","1","be-location","be + 地點表達","A1","TRUE","a1-u2-l4","手機在桌上","The cellphone is on the table.","手機在桌上。","on 表示在物體表面上","a1-u2-l4-t05","5","the","the","the-definite-article","word","the","the","定冠詞（中文通常不翻譯）","grammar","article 冠詞","article 冠詞","article 冠詞","限定","","","","","","","/ðə/","/ðə/","/ðə/","","/ðə/","/ðə/","the","單音節","the","the 指雙方已知或特定的事物，中文通常不逐字翻譯。","not_configured","pending","","","","pending","FALSE","FALSE","FALSE","TRUE","v3規則已通過；句中發音、音訊與授權待人工複核"
"A1","a1-u2","身邊物品","a1-u2-l4-p01","4","a1-u2-l4-p01-s01","1","be-location","be + 地點表達","A1","TRUE","a1-u2-l4","手機在桌上","The cellphone is on the table.","手機在桌上。","on 表示在物體表面上","a1-u2-l4-t06","6","table","table","table-general","word","table","table","桌子","meaning","noun 名詞","noun 名詞","noun 名詞","人／事物／時間","","","","","","","/ˈtebəl/","/ˈteɪ.bəl/","/ˈteɪ.bəl/","","/ˈtebəl/","/ˈteɪ.bəl/","ta-ble","第一音節","ta・ble","","not_configured","pending","","","","pending","TRUE","FALSE","FALSE","TRUE","v3規則已通過；句中發音、音訊與授權待人工複核"
"A1","a1-u3","家人與人物","a1-u3-l1-p01","1","a1-u3-l1-p01-s01","1","be-relationship","be + 人物關係","A1","TRUE","a1-u3-l1","她是我的太太","She is my wife.","她是我的太太。","She is ...","a1-u3-l1-t01","1","she","she","she-general","word","She","she","她","meaning","pronoun 代名詞","pronoun 代名詞","pronoun 代名詞","指稱","","","","","","","/ʃi/","/ʃiː/","/ʃiː/","","/ʃi/","/ʃiː/","She","單音節","She","","not_configured","pending","","","","pending","TRUE","FALSE","FALSE","TRUE","v3規則已通過；句中發音、音訊與授權待人工複核"
"A1","a1-u3","家人與人物","a1-u3-l1-p01","1","a1-u3-l1-p01-s01","1","be-relationship","be + 人物關係","A1","TRUE","a1-u3-l1","她是我的太太","She is my wife.","她是我的太太。","She is ...","a1-u3-l1-t02","2","is","be","be-identification","word","is","be","是","meaning","verb 動詞","verb 動詞","verb 動詞","動作／狀態","","","","","","","/ɪz/","/ɪz/","/ɪz/","","/ɪz/","/ɪz/","is","單音節","is","","not_configured","pending","","","","pending","FALSE","FALSE","FALSE","TRUE","v3規則已通過；句中發音、音訊與授權待人工複核"
"A1","a1-u3","家人與人物","a1-u3-l1-p01","1","a1-u3-l1-p01-s01","1","be-relationship","be + 人物關係","A1","TRUE","a1-u3-l1","她是我的太太","She is my wife.","她是我的太太。","She is ...","a1-u3-l1-t03","3","my","my","my-possessive","word","my","my","我的","meaning","determiner 限定詞","determiner 限定詞","determiner 限定詞","限定","","","","","","","/maɪ/","/maɪ/","/maɪ/","","/maɪ/","/maɪ/","my","單音節","my","","not_configured","pending","","","","pending","FALSE","FALSE","FALSE","TRUE","v3規則已通過；句中發音、音訊與授權待人工複核"
"A1","a1-u3","家人與人物","a1-u3-l1-p01","1","a1-u3-l1-p01-s01","1","be-relationship","be + 人物關係","A1","TRUE","a1-u3-l1","她是我的太太","She is my wife.","她是我的太太。","She is ...","a1-u3-l1-t04","4","wife","wife","wife-general","word","wife","wife","太太／妻子","meaning","noun 名詞","noun 名詞","noun 名詞","人／事物／時間","","","","","","","/waɪf/","/waɪf/","/waɪf/","","/waɪf/","/waɪf/","wife","單音節","wife","","not_configured","pending","","","","pending","TRUE","FALSE","FALSE","TRUE","v3規則已通過；句中發音、音訊與授權待人工複核"
"A1","a1-u3","家人與人物","a1-u3-l2-p01","2","a1-u3-l2-p01-s01","1","be-relationship","be + 人物關係","A1","FALSE","a1-u3-l2","他是我的朋友","He is my friend.","他是我的朋友。","He is ...","a1-u3-l2-t01","1","he","he","he-general","word","He","he","他","meaning","pronoun 代名詞","pronoun 代名詞","pronoun 代名詞","指稱","","","","","","","/hi/","/hiː/","/hiː/","","/hi/","/hiː/","He","單音節","He","","not_configured","pending","","","","pending","TRUE","FALSE","FALSE","TRUE","v3規則已通過；句中發音、音訊與授權待人工複核"
"A1","a1-u3","家人與人物","a1-u3-l2-p01","2","a1-u3-l2-p01-s01","1","be-relationship","be + 人物關係","A1","FALSE","a1-u3-l2","他是我的朋友","He is my friend.","他是我的朋友。","He is ...","a1-u3-l2-t02","2","is","be","be-identification","word","is","be","是","meaning","verb 動詞","verb 動詞","verb 動詞","動作／狀態","","","","","","","/ɪz/","/ɪz/","/ɪz/","","/ɪz/","/ɪz/","is","單音節","is","","not_configured","pending","","","","pending","FALSE","FALSE","FALSE","FALSE","v3規則已通過；句中發音、音訊與授權待人工複核"
"A1","a1-u3","家人與人物","a1-u3-l2-p01","2","a1-u3-l2-p01-s01","1","be-relationship","be + 人物關係","A1","FALSE","a1-u3-l2","他是我的朋友","He is my friend.","他是我的朋友。","He is ...","a1-u3-l2-t03","3","my","my","my-possessive","word","my","my","我的","meaning","determiner 限定詞","determiner 限定詞","determiner 限定詞","限定","","","","","","","/maɪ/","/maɪ/","/maɪ/","","/maɪ/","/maɪ/","my","單音節","my","","not_configured","pending","","","","pending","FALSE","FALSE","FALSE","FALSE","v3規則已通過；句中發音、音訊與授權待人工複核"
"A1","a1-u3","家人與人物","a1-u3-l2-p01","2","a1-u3-l2-p01-s01","1","be-relationship","be + 人物關係","A1","FALSE","a1-u3-l2","他是我的朋友","He is my friend.","他是我的朋友。","He is ...","a1-u3-l2-t04","4","friend","friend","friend-general","word","friend","friend","朋友","meaning","noun 名詞","noun 名詞","noun 名詞","人／事物／時間","","","","","","","/frɛnd/","/frend/","/frend/","","/frɛnd/","/frend/","friend","單音節","friend","","not_configured","pending","","","","pending","TRUE","FALSE","FALSE","TRUE","v3規則已通過；句中發音、音訊與授權待人工複核"
"A1","a1-u3","家人與人物","a1-u3-l3-p01","3","a1-u3-l3-p01-s01","1","have-possession","have 表示擁有","A1","FALSE","a1-u3-l3","我有兩個兄弟","I have two brothers.","我有兩個兄弟。","數字加複數名詞","a1-u3-l3-t01","1","i","i","i-general","word","I","I","我","meaning","pronoun 代名詞","pronoun 代名詞","pronoun 代名詞","指稱","","","","","","","/aɪ/","/aɪ/","/aɪ/","","/aɪ/","/aɪ/","I","單音節","I","英文的 I 永遠要大寫。","not_configured","pending","","","","pending","FALSE","FALSE","FALSE","FALSE","v3規則已通過；句中發音、音訊與授權待人工複核"
"A1","a1-u3","家人與人物","a1-u3-l3-p01","3","a1-u3-l3-p01-s01","1","have-possession","have 表示擁有","A1","FALSE","a1-u3-l3","我有兩個兄弟","I have two brothers.","我有兩個兄弟。","數字加複數名詞","a1-u3-l3-t02","2","have","have","have-general","word","have","have","有","meaning","verb 動詞","verb 動詞","verb 動詞","動作／狀態","","","","","","","/hæv/","/hæv/","/hæv/","","/hæv/","/hæv/","have","單音節","have","","not_configured","pending","","","","pending","FALSE","FALSE","FALSE","FALSE","v3規則已通過；句中發音、音訊與授權待人工複核"
"A1","a1-u3","家人與人物","a1-u3-l3-p01","3","a1-u3-l3-p01-s01","1","have-possession","have 表示擁有","A1","FALSE","a1-u3-l3","我有兩個兄弟","I have two brothers.","我有兩個兄弟。","數字加複數名詞","a1-u3-l3-t03","3","two","two","two-general","word","two","two","兩個","meaning","number 數字","number 數字","number 數字","一般","","","","","","","/tu/","/tuː/","/tuː/","","/tu/","/tuː/","two","單音節","two","","not_configured","pending","","","","pending","TRUE","FALSE","FALSE","TRUE","v3規則已通過；句中發音、音訊與授權待人工複核"
"A1","a1-u3","家人與人物","a1-u3-l3-p01","3","a1-u3-l3-p01-s01","1","have-possession","have 表示擁有","A1","FALSE","a1-u3-l3","我有兩個兄弟","I have two brothers.","我有兩個兄弟。","數字加複數名詞","a1-u3-l3-t04","4","brothers","brother","brother-general","word","brothers","brother","兄弟","meaning","noun 名詞","noun 名詞","noun 名詞","人／事物／時間","","","","","","","/ˈbrʌðɚz/","/ˈbrʌð.ɚz/","/ˈbrʌð.ɚz/","","/ˈbrʌðɚz/","/ˈbrʌð.ɚz/","broth-ers","第一音節","broth・ers","","not_configured","pending","","","","pending","TRUE","FALSE","FALSE","TRUE","v3規則已通過；句中發音、音訊與授權待人工複核"
"A1","a1-u3","家人與人物","a1-u3-l4-p01","4","a1-u3-l4-p01-s01","1","be-location","be + 地點表達","A1","FALSE","a1-u3-l4","媽媽在家","My mother is at home.","我媽媽在家。","at home 表示在家","a1-u3-l4-t01","1","my-initial","my","my-possessive","word","My","my","我的","meaning","determiner 限定詞","determiner 限定詞","determiner 限定詞","限定","","","","","","","/maɪ/","/maɪ/","/maɪ/","","/maɪ/","/maɪ/","My","單音節","My","","not_configured","pending","","","","pending","FALSE","FALSE","FALSE","FALSE","v3規則已通過；句中發音、音訊與授權待人工複核"
"A1","a1-u3","家人與人物","a1-u3-l4-p01","4","a1-u3-l4-p01-s01","1","be-location","be + 地點表達","A1","FALSE","a1-u3-l4","媽媽在家","My mother is at home.","我媽媽在家。","at home 表示在家","a1-u3-l4-t02","2","mother","mother","mother-general","word","mother","mother","媽媽／母親","meaning","noun 名詞","noun 名詞","noun 名詞","人／事物／時間","","","","","","","/ˈmʌðɚ/","/ˈmʌð.ɚ/","/ˈmʌð.ɚ/","","/ˈmʌðɚ/","/ˈmʌð.ɚ/","moth-er","第一音節","moth・er","","not_configured","pending","","","","pending","TRUE","FALSE","FALSE","TRUE","v3規則已通過；句中發音、音訊與授權待人工複核"
"A1","a1-u3","家人與人物","a1-u3-l4-p01","4","a1-u3-l4-p01-s01","1","be-location","be + 地點表達","A1","FALSE","a1-u3-l4","媽媽在家","My mother is at home.","我媽媽在家。","at home 表示在家","a1-u3-l4-t03","3","is","be","be-location-or-time","word","is","be","是","meaning","verb 動詞","verb 動詞","verb 動詞","動作／狀態","","","","","","","/ɪz/","/ɪz/","/ɪz/","","/ɪz/","/ɪz/","is","單音節","is","","not_configured","pending","","","","pending","FALSE","FALSE","FALSE","FALSE","v3規則已通過；句中發音、音訊與授權待人工複核"
"A1","a1-u3","家人與人物","a1-u3-l4-p01","4","a1-u3-l4-p01-s01","1","be-location","be + 地點表達","A1","FALSE","a1-u3-l4","媽媽在家","My mother is at home.","我媽媽在家。","at home 表示在家","a1-u3-l4-t04","4","at","at","at-location","word","at","at","時間或地點前的介系詞","grammar","preposition 介系詞","preposition 介系詞","preposition 介系詞","時間／地點關係","at-home","at home","在家","1","at home 是常見地點語塊，表示在家。","","/æt/","/æt/","/æt/","","/æt/","/æt/","at","單音節","at","","not_configured","pending","","","","pending","TRUE","FALSE","TRUE","TRUE","v3規則已通過；句中發音、音訊與授權待人工複核"
"A1","a1-u3","家人與人物","a1-u3-l4-p01","4","a1-u3-l4-p01-s01","1","be-location","be + 地點表達","A1","FALSE","a1-u3-l4","媽媽在家","My mother is at home.","我媽媽在家。","at home 表示在家","a1-u3-l4-t05","5","home","home","home-general","word","home","home","家","meaning","noun／adverb 名詞／副詞","noun／adverb 名詞／副詞","noun 名詞","地點","at-home","at home","在家","1","at home 是常見地點語塊，表示在家。","","/hom/","/hoʊm/","/hoʊm/","","/hom/","/hoʊm/","home","單音節","home","","not_configured","pending","","","","pending","TRUE","FALSE","TRUE","TRUE","v3規則已通過；句中發音、音訊與授權待人工複核"
"A1","a1-u4","飲食","a1-u4-l1-p01","1","a1-u4-l1-p01-s01","1","have-possession","have 表示擁有","A1","FALSE","a1-u4-l1","我有一顆蘋果","I have an apple.","我有一顆蘋果。","an 用在母音音素開頭的單數名詞前","a1-u4-l1-t01","1","i","i","i-general","word","I","I","我","meaning","pronoun 代名詞","pronoun 代名詞","pronoun 代名詞","指稱","","","","","","","/aɪ/","/aɪ/","/aɪ/","","/aɪ/","/aɪ/","I","單音節","I","英文的 I 永遠要大寫。","not_configured","pending","","","","pending","FALSE","FALSE","FALSE","FALSE","v3規則已通過；句中發音、音訊與授權待人工複核"
"A1","a1-u4","飲食","a1-u4-l1-p01","1","a1-u4-l1-p01-s01","1","have-possession","have 表示擁有","A1","FALSE","a1-u4-l1","我有一顆蘋果","I have an apple.","我有一顆蘋果。","an 用在母音音素開頭的單數名詞前","a1-u4-l1-t02","2","have","have","have-general","word","have","have","有","meaning","verb 動詞","verb 動詞","verb 動詞","動作／狀態","","","","","","","/hæv/","/hæv/","/hæv/","","/hæv/","/hæv/","have","單音節","have","","not_configured","pending","","","","pending","FALSE","FALSE","FALSE","FALSE","v3規則已通過；句中發音、音訊與授權待人工複核"
"A1","a1-u4","飲食","a1-u4-l1-p01","1","a1-u4-l1-p01-s01","1","have-possession","have 表示擁有","A1","FALSE","a1-u4-l1","我有一顆蘋果","I have an apple.","我有一顆蘋果。","an 用在母音音素開頭的單數名詞前","a1-u4-l1-t03","3","an","an","an-general","word","an","an","一個","grammar","article 冠詞","article 冠詞","article 冠詞","限定","","","","","","","/ən/","/ən/","/ən/","","/ən/","/ən/","an","單音節","an","中文依名詞自然翻成「一顆蘋果」；量詞來自中文名詞搭配，不是 an 本身的意思。","not_configured","pending","","","","pending","TRUE","FALSE","FALSE","TRUE","v3規則已通過；句中發音、音訊與授權待人工複核"
"A1","a1-u4","飲食","a1-u4-l1-p01","1","a1-u4-l1-p01-s01","1","have-possession","have 表示擁有","A1","FALSE","a1-u4-l1","我有一顆蘋果","I have an apple.","我有一顆蘋果。","an 用在母音音素開頭的單數名詞前","a1-u4-l1-t04","4","apple","apple","apple-general","word","apple","apple","蘋果","meaning","noun 名詞","noun 名詞","noun 名詞","人／事物／時間","","","","","","","/ˈæpəl/","/ˈæp.əl/","/ˈæp.əl/","","/ˈæpəl/","/ˈæp.əl/","ap-ple","第一音節","ap・ple","","not_configured","pending","","","","pending","TRUE","FALSE","FALSE","TRUE","v3規則已通過；句中發音、音訊與授權待人工複核"
"A1","a1-u4","飲食","a1-u4-l2-p01","2","a1-u4-l2-p01-s01","1","like-preference","like + 名詞表示喜好","A1","TRUE","a1-u4-l2","我喜歡咖啡","I like coffee.","我喜歡咖啡。","like 加名詞表示喜歡某物","a1-u4-l2-t01","1","i","i","i-general","word","I","I","我","meaning","pronoun 代名詞","pronoun 代名詞","pronoun 代名詞","指稱","","","","","","","/aɪ/","/aɪ/","/aɪ/","","/aɪ/","/aɪ/","I","單音節","I","英文的 I 永遠要大寫。","not_configured","pending","","","","pending","FALSE","FALSE","FALSE","TRUE","v3規則已通過；句中發音、音訊與授權待人工複核"
"A1","a1-u4","飲食","a1-u4-l2-p01","2","a1-u4-l2-p01-s01","1","like-preference","like + 名詞表示喜好","A1","TRUE","a1-u4-l2","我喜歡咖啡","I like coffee.","我喜歡咖啡。","like 加名詞表示喜歡某物","a1-u4-l2-t02","2","like","like","like-general","word","like","like","喜歡","meaning","verb 動詞","verb 動詞","verb 動詞","動作／狀態","","","","","","","/laɪk/","/laɪk/","/laɪk/","","/laɪk/","/laɪk/","like","單音節","like","","not_configured","pending","","","","pending","TRUE","FALSE","FALSE","TRUE","v3規則已通過；句中發音、音訊與授權待人工複核"
"A1","a1-u4","飲食","a1-u4-l2-p01","2","a1-u4-l2-p01-s01","1","like-preference","like + 名詞表示喜好","A1","TRUE","a1-u4-l2","我喜歡咖啡","I like coffee.","我喜歡咖啡。","like 加名詞表示喜歡某物","a1-u4-l2-t03","3","coffee","coffee","coffee-general","word","coffee","coffee","咖啡","meaning","noun 名詞","noun 名詞","noun 名詞","人／事物／時間","","","","","","","/ˈkɔfi/","/ˈkɑː.fi/","/ˈkɑː.fi/","","/ˈkɔfi/","/ˈkɑː.fi/","cof-fee","第一音節","cof・fee","","not_configured","pending","","","","pending","TRUE","FALSE","FALSE","TRUE","v3規則已通過；句中發音、音訊與授權待人工複核"
"A1","a1-u4","飲食","a1-u4-l3-p01","3","a1-u4-l3-p01-s01","1","want-object","want + 名詞表示需求","A1","TRUE","a1-u4-l3","我想要一些水","I want some water.","我想要一些水。","some 搭配不可數名詞","a1-u4-l3-t01","1","i","i","i-general","word","I","I","我","meaning","pronoun 代名詞","pronoun 代名詞","pronoun 代名詞","指稱","","","","","","","/aɪ/","/aɪ/","/aɪ/","","/aɪ/","/aɪ/","I","單音節","I","英文的 I 永遠要大寫。","not_configured","pending","","","","pending","FALSE","FALSE","FALSE","TRUE","v3規則已通過；句中發音、音訊與授權待人工複核"
"A1","a1-u4","飲食","a1-u4-l3-p01","3","a1-u4-l3-p01-s01","1","want-object","want + 名詞表示需求","A1","TRUE","a1-u4-l3","我想要一些水","I want some water.","我想要一些水。","some 搭配不可數名詞","a1-u4-l3-t02","2","want","want","want-general","word","want","want","想要","meaning","verb 動詞","verb 動詞","verb 動詞","動作／狀態","","","","","","","/wɑnt/","/wɑːnt/","/wɑːnt/","","/wɑnt/","/wɑːnt/","want","單音節","want","","not_configured","pending","","","","pending","TRUE","FALSE","FALSE","TRUE","v3規則已通過；句中發音、音訊與授權待人工複核"
"A1","a1-u4","飲食","a1-u4-l3-p01","3","a1-u4-l3-p01-s01","1","want-object","want + 名詞表示需求","A1","TRUE","a1-u4-l3","我想要一些水","I want some water.","我想要一些水。","some 搭配不可數名詞","a1-u4-l3-t03","3","some","some","some-general","word","some","some","一些","meaning","determiner 限定詞","determiner 限定詞","determiner 限定詞","限定","","","","","","","/səm/","/səm/","/səm/","","/səm/","/səm/","some","單音節","some","","not_configured","pending","","","","pending","TRUE","FALSE","FALSE","TRUE","v3規則已通過；句中發音、音訊與授權待人工複核"
"A1","a1-u4","飲食","a1-u4-l3-p01","3","a1-u4-l3-p01-s01","1","want-object","want + 名詞表示需求","A1","TRUE","a1-u4-l3","我想要一些水","I want some water.","我想要一些水。","some 搭配不可數名詞","a1-u4-l3-t04","4","water","water","water-general","word","water","water","水","meaning","noun 名詞","noun 名詞","noun 名詞","人／事物／時間","","","","","","","/ˈwɔtɚ/","/ˈwɑː.t̬ɚ/","/ˈwɑː.t̬ɚ/","","/ˈwɔtɚ/","/ˈwɑː.t̬ɚ/","wa-ter","第一音節","wa・ter","","not_configured","pending","","","","pending","TRUE","FALSE","FALSE","TRUE","v3規則已通過；句中發音、音訊與授權待人工複核"
"A1","a1-u4","飲食","a1-u4-l4-p01","4","a1-u4-l4-p01-s01","1","action-at-location","動作 + at + 地點","A1","TRUE","a1-u4-l4","我在家吃早餐","I eat breakfast at home.","我在家吃早餐。","eat breakfast 與 at home","a1-u4-l4-t01","1","i","i","i-general","word","I","I","我","meaning","pronoun 代名詞","pronoun 代名詞","pronoun 代名詞","指稱","","","","","","","/aɪ/","/aɪ/","/aɪ/","","/aɪ/","/aɪ/","I","單音節","I","英文的 I 永遠要大寫。","not_configured","pending","","","","pending","FALSE","FALSE","FALSE","TRUE","v3規則已通過；句中發音、音訊與授權待人工複核"
"A1","a1-u4","飲食","a1-u4-l4-p01","4","a1-u4-l4-p01-s01","1","action-at-location","動作 + at + 地點","A1","TRUE","a1-u4-l4","我在家吃早餐","I eat breakfast at home.","我在家吃早餐。","eat breakfast 與 at home","a1-u4-l4-t02","2","eat","eat","eat-general","word","eat","eat","吃","meaning","verb 動詞","verb 動詞","verb 動詞","動作","eat-breakfast","eat breakfast","吃早餐","1","eat breakfast 是常見搭配，表示吃早餐。","","/it/","/iːt/","/iːt/","","/it/","/iːt/","eat","單音節","eat","","not_configured","pending","","","","pending","TRUE","FALSE","TRUE","TRUE","v3規則已通過；句中發音、音訊與授權待人工複核"
"A1","a1-u4","飲食","a1-u4-l4-p01","4","a1-u4-l4-p01-s01","1","action-at-location","動作 + at + 地點","A1","TRUE","a1-u4-l4","我在家吃早餐","I eat breakfast at home.","我在家吃早餐。","eat breakfast 與 at home","a1-u4-l4-t03","3","breakfast","breakfast","breakfast-general","word","breakfast","breakfast","早餐","meaning","noun 名詞","noun 名詞","noun 名詞","事物","eat-breakfast","eat breakfast","吃早餐","1","eat breakfast 是常見搭配，表示吃早餐。","","/ˈbrɛkfəst/","/ˈbrek.fəst/","/ˈbrek.fəst/","","/ˈbrɛkfəst/","/ˈbrek.fəst/","break-fast","第一音節","break・fast","","not_configured","pending","","","","pending","TRUE","FALSE","TRUE","TRUE","v3規則已通過；句中發音、音訊與授權待人工複核"
"A1","a1-u4","飲食","a1-u4-l4-p01","4","a1-u4-l4-p01-s01","1","action-at-location","動作 + at + 地點","A1","TRUE","a1-u4-l4","我在家吃早餐","I eat breakfast at home.","我在家吃早餐。","eat breakfast 與 at home","a1-u4-l4-t04","4","at","at","at-location","word","at","at","時間或地點前的介系詞","grammar","preposition 介系詞","preposition 介系詞","preposition 介系詞","時間／地點關係","at-home","at home","在家","2","at home 是常見地點語塊，表示在家。","","/æt/","/æt/","/æt/","","/æt/","/æt/","at","單音節","at","","not_configured","pending","","","","pending","FALSE","FALSE","FALSE","TRUE","v3規則已通過；句中發音、音訊與授權待人工複核"
"A1","a1-u4","飲食","a1-u4-l4-p01","4","a1-u4-l4-p01-s01","1","action-at-location","動作 + at + 地點","A1","TRUE","a1-u4-l4","我在家吃早餐","I eat breakfast at home.","我在家吃早餐。","eat breakfast 與 at home","a1-u4-l4-t05","5","home","home","home-general","word","home","home","家","meaning","noun／adverb 名詞／副詞","noun／adverb 名詞／副詞","noun 名詞","地點","at-home","at home","在家","2","at home 是常見地點語塊，表示在家。","","/hom/","/hoʊm/","/hoʊm/","","/hom/","/hoʊm/","home","單音節","home","","not_configured","pending","","","","pending","FALSE","FALSE","FALSE","TRUE","v3規則已通過；句中發音、音訊與授權待人工複核"
"A1","a1-u5","日常活動","a1-u5-l1-p01","1","a1-u5-l1-p01-s01","1","go-to-place","go to + 地點／目的地","A1","TRUE","a1-u5-l1","我去上班","I go to work.","我去上班。","go to work 是常用語塊","a1-u5-l1-t01","1","i","i","i-general","word","I","I","我","meaning","pronoun 代名詞","pronoun 代名詞","pronoun 代名詞","指稱","","","","","","","/aɪ/","/aɪ/","/aɪ/","","/aɪ/","/aɪ/","I","單音節","I","英文的 I 永遠要大寫。","not_configured","pending","","","","pending","FALSE","FALSE","FALSE","TRUE","v3規則已通過；句中發音、音訊與授權待人工複核"
"A1","a1-u5","日常活動","a1-u5-l1-p01","1","a1-u5-l1-p01-s01","1","go-to-place","go to + 地點／目的地","A1","TRUE","a1-u5-l1","我去上班","I go to work.","我去上班。","go to work 是常用語塊","a1-u5-l1-t02","2","go","go","go-general","word","go","go","去","meaning","verb 動詞","verb 動詞","verb 動詞","移動","go-to-work","go to work","去上班","1","go to work 是常見搭配，整體表示去上班。","","/go/","/ɡoʊ/","/ɡoʊ/","","/go/","/ɡoʊ/","go","單音節","go","","not_configured","pending","","","","pending","TRUE","FALSE","TRUE","TRUE","v3規則已通過；句中發音、音訊與授權待人工複核"
"A1","a1-u5","日常活動","a1-u5-l1-p01","1","a1-u5-l1-p01-s01","1","go-to-place","go to + 地點／目的地","A1","TRUE","a1-u5-l1","我去上班","I go to work.","我去上班。","go to work 是常用語塊","a1-u5-l1-t03","3","to-preposition","to","to-destination","word","to","to","方向或目的地前的介系詞","grammar","preposition 介系詞","preposition／infinitive marker 介系詞／不定詞標記","preposition 介系詞","方向／目的地","go-to-work","go to work","去上班","1","go to work 是常見搭配，整體表示去上班。","","/tə/","/tə/","/tə/","","/tə/","/tə/","to","單音節","to","","not_configured","pending","","","","pending","FALSE","FALSE","TRUE","TRUE","v3規則已通過；句中發音、音訊與授權待人工複核"
"A1","a1-u5","日常活動","a1-u5-l1-p01","1","a1-u5-l1-p01-s01","1","go-to-place","go to + 地點／目的地","A1","TRUE","a1-u5-l1","我去上班","I go to work.","我去上班。","go to work 是常用語塊","a1-u5-l1-t04","4","work","work","work-noun","word","work","work","工作／上班","meaning","verb／noun 動詞／名詞","verb／noun 動詞／名詞","noun 名詞","工作／目的地","go-to-work","go to work","去上班","1","go to work 是常見搭配，整體表示去上班。","","/wɝk/","/wɝːk/","/wɝːk/","","/wɝk/","/wɝːk/","work","單音節","work","","not_configured","pending","","","","pending","TRUE","FALSE","TRUE","TRUE","v3規則已通過；句中發音、音訊與授權待人工複核"
"A1","a1-u5","日常活動","a1-u5-l2-p01","2","a1-u5-l2-p01-s01","1","action-at-time","動作 + at + 時間","A1","TRUE","a1-u5-l2","我七點起床","I get up at seven.","我七點起床。","get up 與 at 加時間","a1-u5-l2-t01","1","i","i","i-general","word","I","I","我","meaning","pronoun 代名詞","pronoun 代名詞","pronoun 代名詞","指稱","","","","","","","/aɪ/","/aɪ/","/aɪ/","","/aɪ/","/aɪ/","I","單音節","I","英文的 I 永遠要大寫。","not_configured","pending","","","","pending","FALSE","FALSE","FALSE","TRUE","v3規則已通過；句中發音、音訊與授權待人工複核"
"A1","a1-u5","日常活動","a1-u5-l2-p01","2","a1-u5-l2-p01-s01","1","action-at-time","動作 + at + 時間","A1","TRUE","a1-u5-l2","我七點起床","I get up at seven.","我七點起床。","get up 與 at 加時間","a1-u5-l2-t02","2","get","get","get-general","word","get","get","「get up」的第一個字","context","verb 動詞","verb 動詞","verb 動詞","片語動詞構成","get-up","get up","起床","1","get up 是片語動詞，整體意思是起床；不可把兩字硬拆成「取得、向上」。","","/gɛt/","/ɡet/","/ɡet/","","/gɛt/","/ɡet/","get","單音節","get","在本課與 up 組成 get up；不要單獨解釋成「取得」。","not_configured","pending","","","","pending","TRUE","FALSE","TRUE","TRUE","v3規則已通過；句中發音、音訊與授權待人工複核"
"A1","a1-u5","日常活動","a1-u5-l2-p01","2","a1-u5-l2-p01-s01","1","action-at-time","動作 + at + 時間","A1","TRUE","a1-u5-l2","我七點起床","I get up at seven.","我七點起床。","get up 與 at 加時間","a1-u5-l2-t03","3","up","up","up-general","word","up","up","完成「get up」片語","context","particle 小品詞","particle 小品詞","particle 小品詞","片語動詞構成","get-up","get up","起床","1","get up 是片語動詞，整體意思是起床；不可把兩字硬拆成「取得、向上」。","","/ʌp/","/ʌp/","/ʌp/","","/ʌp/","/ʌp/","up","單音節","up","在本課與 get 組成 get up；不要單獨解釋成「向上」。","not_configured","pending","","","","pending","TRUE","FALSE","TRUE","TRUE","v3規則已通過；句中發音、音訊與授權待人工複核"
"A1","a1-u5","日常活動","a1-u5-l2-p01","2","a1-u5-l2-p01-s01","1","action-at-time","動作 + at + 時間","A1","TRUE","a1-u5-l2","我七點起床","I get up at seven.","我七點起床。","get up 與 at 加時間","a1-u5-l2-t04","4","at","at","at-time","word","at","at","時間或地點前的介系詞","grammar","preposition 介系詞","preposition 介系詞","preposition 介系詞","時間／地點關係","at-seven","at seven","在七點","2","at 加整點時間；本組合表示在七點。","at-clock-time","/æt/","/æt/","/æt/","","/æt/","/æt/","at","單音節","at","","not_configured","pending","","","","pending","FALSE","TRUE","TRUE","TRUE","v3規則已通過；句中發音、音訊與授權待人工複核"
"A1","a1-u5","日常活動","a1-u5-l2-p01","2","a1-u5-l2-p01-s01","1","action-at-time","動作 + at + 時間","A1","TRUE","a1-u5-l2","我七點起床","I get up at seven.","我七點起床。","get up 與 at 加時間","a1-u5-l2-t05","5","seven","seven","seven-general","word","seven","seven","七","meaning","number 數詞","number 數詞","number 數詞","數量／時間","at-seven","at seven","在七點","2","at 加整點時間；本組合表示在七點。","at-clock-time","/ˈsɛvən/","/ˈsev.ən/","/ˈsev.ən/","","/ˈsɛvən/","/ˈsev.ən/","sev-en","第一音節","sev・en","","not_configured","pending","","","","pending","TRUE","TRUE","TRUE","TRUE","v3規則已通過；句中發音、音訊與授權待人工複核"
"A1","a1-u5","日常活動","a1-u5-l3-p01","3","a1-u5-l3-p01-s01","1","play-sport","play + 球類運動","A1","TRUE","a1-u5-l3","我打羽球","I play badminton.","我打羽球。","play 加球類運動","a1-u5-l3-t01","1","i","i","i-general","word","I","I","我","meaning","pronoun 代名詞","pronoun 代名詞","pronoun 代名詞","指稱","","","","","","","/aɪ/","/aɪ/","/aɪ/","","/aɪ/","/aɪ/","I","單音節","I","英文的 I 永遠要大寫。","not_configured","pending","","","","pending","FALSE","FALSE","FALSE","TRUE","v3規則已通過；句中發音、音訊與授權待人工複核"
"A1","a1-u5","日常活動","a1-u5-l3-p01","3","a1-u5-l3-p01-s01","1","play-sport","play + 球類運動","A1","TRUE","a1-u5-l3","我打羽球","I play badminton.","我打羽球。","play 加球類運動","a1-u5-l3-t02","2","play","play","play-general","word","play","play","打／玩","meaning","verb 動詞","verb 動詞","verb 動詞","動作／狀態","","","","","","","/ple/","/pleɪ/","/pleɪ/","","/ple/","/pleɪ/","play","單音節","play","","not_configured","pending","","","","pending","TRUE","FALSE","FALSE","TRUE","v3規則已通過；句中發音、音訊與授權待人工複核"
"A1","a1-u5","日常活動","a1-u5-l3-p01","3","a1-u5-l3-p01-s01","1","play-sport","play + 球類運動","A1","TRUE","a1-u5-l3","我打羽球","I play badminton.","我打羽球。","play 加球類運動","a1-u5-l3-t03","3","badminton","badminton","badminton-general","word","badminton","badminton","羽球","meaning","noun 名詞","noun 名詞","noun 名詞","人／事物／時間","","","","","","","/ˈbædmɪntən/","/ˈbæd.mɪn.tən/","/ˈbæd.mɪn.tən/","","/ˈbædmɪntən/","/ˈbæd.mɪn.tən/","bad-min-ton","第一音節","bad・min・ton","","not_configured","pending","","","","pending","TRUE","FALSE","FALSE","TRUE","v3規則已通過；句中發音、音訊與授權待人工複核"
"A1","a1-u5","日常活動","a1-u5-l4-p01","4","a1-u5-l4-p01-s01","1","action-at-time","動作 + at + 時間","A1","FALSE","a1-u5-l4","我晚上看電視","I watch TV at night.","我晚上看電視。","watch TV 與 at night","a1-u5-l4-t01","1","i","i","i-general","word","I","I","我","meaning","pronoun 代名詞","pronoun 代名詞","pronoun 代名詞","指稱","","","","","","","/aɪ/","/aɪ/","/aɪ/","","/aɪ/","/aɪ/","I","單音節","I","英文的 I 永遠要大寫。","not_configured","pending","","","","pending","FALSE","FALSE","FALSE","FALSE","v3規則已通過；句中發音、音訊與授權待人工複核"
"A1","a1-u5","日常活動","a1-u5-l4-p01","4","a1-u5-l4-p01-s01","1","action-at-time","動作 + at + 時間","A1","FALSE","a1-u5-l4","我晚上看電視","I watch TV at night.","我晚上看電視。","watch TV 與 at night","a1-u5-l4-t02","2","watch","watch","watch-general","word","watch","watch","看","meaning","verb 動詞","verb 動詞","verb 動詞","動作","watch-tv","watch TV","看電視","1","watch TV 是常見搭配，表示看電視。","","/wɑtʃ/","/wɑːtʃ/","/wɑːtʃ/","","/wɑtʃ/","/wɑːtʃ/","watch","單音節","watch","","not_configured","pending","","","","pending","TRUE","FALSE","TRUE","TRUE","v3規則已通過；句中發音、音訊與授權待人工複核"
"A1","a1-u5","日常活動","a1-u5-l4-p01","4","a1-u5-l4-p01-s01","1","action-at-time","動作 + at + 時間","A1","FALSE","a1-u5-l4","我晚上看電視","I watch TV at night.","我晚上看電視。","watch TV 與 at night","a1-u5-l4-t03","3","tv","tv","tv-general","word","TV","TV","電視","meaning","noun 名詞","noun 名詞","noun 名詞","事物","watch-tv","watch TV","看電視","1","watch TV 是常見搭配，表示看電視。","","/ˌtiˈvi/","/ˌtiːˈviː/","/ˌtiːˈviː/","","/ˌtiˈvi/","/ˌtiːˈviː/","T-V","第二音節","T・V","","not_configured","pending","","","","pending","TRUE","FALSE","TRUE","TRUE","v3規則已通過；句中發音、音訊與授權待人工複核"
"A1","a1-u5","日常活動","a1-u5-l4-p01","4","a1-u5-l4-p01-s01","1","action-at-time","動作 + at + 時間","A1","FALSE","a1-u5-l4","我晚上看電視","I watch TV at night.","我晚上看電視。","watch TV 與 at night","a1-u5-l4-t04","4","at","at","at-time","word","at","at","時間或地點前的介系詞","grammar","preposition 介系詞","preposition 介系詞","preposition 介系詞","時間／地點關係","at-night","at night","在晚上","2","at night 是常見時間語塊，表示在晚上。","","/æt/","/æt/","/æt/","","/æt/","/æt/","at","單音節","at","","not_configured","pending","","","","pending","FALSE","FALSE","TRUE","TRUE","v3規則已通過；句中發音、音訊與授權待人工複核"
"A1","a1-u5","日常活動","a1-u5-l4-p01","4","a1-u5-l4-p01-s01","1","action-at-time","動作 + at + 時間","A1","FALSE","a1-u5-l4","我晚上看電視","I watch TV at night.","我晚上看電視。","watch TV 與 at night","a1-u5-l4-t05","5","night","night","night-general","word","night","night","晚上","meaning","noun 名詞","noun 名詞","noun 名詞","時間","at-night","at night","在晚上","2","at night 是常見時間語塊，表示在晚上。","","/naɪt/","/naɪt/","/naɪt/","","/naɪt/","/naɪt/","night","單音節","night","","not_configured","pending","","","","pending","TRUE","FALSE","TRUE","TRUE","v3規則已通過；句中發音、音訊與授權待人工複核"
"A1","a1-u6","時間與日期","a1-u6-l1-p01","1","a1-u6-l1-p01-s01","1","it-be-time","It is + 時間","A1","TRUE","a1-u6-l1","現在八點","It is eight o'clock.","現在是八點。","It is ... 表示時間","a1-u6-l1-t01","1","it","it","it-general","word","It","it","形式主詞（中文通常不翻譯）","grammar","pronoun 代名詞","pronoun 代名詞","pronoun 代名詞","形式主詞","","","","","","","/ɪt/","/ɪt/","/ɪt/","","/ɪt/","/ɪt/","It","單音節","It","談時間、天氣或距離時，英文常使用 it 作為形式主詞。","not_configured","pending","","","","pending","TRUE","FALSE","FALSE","TRUE","v3規則已通過；句中發音、音訊與授權待人工複核"
"A1","a1-u6","時間與日期","a1-u6-l1-p01","1","a1-u6-l1-p01-s01","1","it-be-time","It is + 時間","A1","TRUE","a1-u6-l1","現在八點","It is eight o'clock.","現在是八點。","It is ... 表示時間","a1-u6-l1-t02","2","is","be","be-identification","word","is","be","是","meaning","verb 動詞","verb 動詞","verb 動詞","動作／狀態","","","","","","","/ɪz/","/ɪz/","/ɪz/","","/ɪz/","/ɪz/","is","單音節","is","","not_configured","pending","","","","pending","FALSE","FALSE","FALSE","TRUE","v3規則已通過；句中發音、音訊與授權待人工複核"
"A1","a1-u6","時間與日期","a1-u6-l1-p01","1","a1-u6-l1-p01-s01","1","it-be-time","It is + 時間","A1","TRUE","a1-u6-l1","現在八點","It is eight o'clock.","現在是八點。","It is ... 表示時間","a1-u6-l1-t03","3","eight","eight","eight-general","word","eight","eight","八","meaning","number 數詞","number 數詞","number 數詞","數量／時間","eight-oclock","eight o'clock","八點","1","數字加 o'clock 表示整點時間。","","/et/","/eɪt/","/eɪt/","","/et/","/eɪt/","eight","單音節","eight","","not_configured","pending","","","","pending","TRUE","FALSE","TRUE","TRUE","v3規則已通過；句中發音、音訊與授權待人工複核"
"A1","a1-u6","時間與日期","a1-u6-l1-p01","1","a1-u6-l1-p01-s01","1","it-be-time","It is + 時間","A1","TRUE","a1-u6-l1","現在八點","It is eight o'clock.","現在是八點。","It is ... 表示時間","a1-u6-l1-t04","4","oclock","o'clock","o'clock-general","word","o'clock","o'clock","點鐘","meaning","adverb 副詞","adverb 副詞","adverb 副詞","時間","eight-oclock","eight o'clock","八點","1","數字加 o'clock 表示整點時間。","","/əˈklɑk/","/əˈklɑːk/","/əˈklɑːk/","","/əˈklɑk/","/əˈklɑːk/","o-clock","第二音節","o・clock","","not_configured","pending","","","","pending","TRUE","FALSE","TRUE","TRUE","v3規則已通過；句中發音、音訊與授權待人工複核"
"A1","a1-u6","時間與日期","a1-u6-l2-p01","2","a1-u6-l2-p01-s01","1","date-identification","Today is + 星期","A1","TRUE","a1-u6-l2","今天星期一","Today is Monday.","今天是星期一。","星期名稱要大寫","a1-u6-l2-t01","1","today","today","today-general","word","Today","today","今天","meaning","noun 名詞（時間名詞）","noun／adverb 名詞／副詞","noun 名詞（時間名詞）","時間","","","","","","","/təˈde/","/təˈdeɪ/","/təˈdeɪ/","","/təˈde/","/təˈdeɪ/","to-day","第二音節","to・day","","not_configured","pending","","","","pending","TRUE","FALSE","FALSE","TRUE","v3規則已通過；句中發音、音訊與授權待人工複核"
"A1","a1-u6","時間與日期","a1-u6-l2-p01","2","a1-u6-l2-p01-s01","1","date-identification","Today is + 星期","A1","TRUE","a1-u6-l2","今天星期一","Today is Monday.","今天是星期一。","星期名稱要大寫","a1-u6-l2-t02","2","is","be","be-identification","word","is","be","是","meaning","verb 動詞","verb 動詞","verb 動詞","動作／狀態","","","","","","","/ɪz/","/ɪz/","/ɪz/","","/ɪz/","/ɪz/","is","單音節","is","","not_configured","pending","","","","pending","FALSE","FALSE","FALSE","TRUE","v3規則已通過；句中發音、音訊與授權待人工複核"
"A1","a1-u6","時間與日期","a1-u6-l2-p01","2","a1-u6-l2-p01-s01","1","date-identification","Today is + 星期","A1","TRUE","a1-u6-l2","今天星期一","Today is Monday.","今天是星期一。","星期名稱要大寫","a1-u6-l2-t03","3","monday","monday","monday-general","word","Monday","Monday","星期一","meaning","proper noun 專有名詞","proper noun 專有名詞","proper noun 專有名詞","人／事物／時間","","","","","","","/ˈmʌnde/","/ˈmʌn.deɪ/","/ˈmʌn.deɪ/","","/ˈmʌnde/","/ˈmʌn.deɪ/","Mon-day","第一音節","Mon・day","","not_configured","pending","","","","pending","TRUE","FALSE","FALSE","TRUE","v3規則已通過；句中發音、音訊與授權待人工複核"
"A1","a1-u6","時間與日期","a1-u6-l3-p01","3","a1-u6-l3-p01-s01","1","be-time","be + 時間介系詞片語","A1","TRUE","a1-u6-l3","我的生日在五月","My birthday is in May.","我的生日在五月。","月份前使用 in","a1-u6-l3-t01","1","my-initial","my","my-possessive","word","My","my","我的","meaning","determiner 限定詞","determiner 限定詞","determiner 限定詞","限定","","","","","","","/maɪ/","/maɪ/","/maɪ/","","/maɪ/","/maɪ/","My","單音節","My","","not_configured","pending","","","","pending","FALSE","FALSE","FALSE","TRUE","v3規則已通過；句中發音、音訊與授權待人工複核"
"A1","a1-u6","時間與日期","a1-u6-l3-p01","3","a1-u6-l3-p01-s01","1","be-time","be + 時間介系詞片語","A1","TRUE","a1-u6-l3","我的生日在五月","My birthday is in May.","我的生日在五月。","月份前使用 in","a1-u6-l3-t02","2","birthday","birthday","birthday-general","word","birthday","birthday","生日","meaning","noun 名詞","noun 名詞","noun 名詞","人／事物／時間","","","","","","","/ˈbɝθˌde/","/ˈbɝːθ.deɪ/","/ˈbɝːθ.deɪ/","","/ˈbɝθˌde/","/ˈbɝːθ.deɪ/","birth-day","第一音節","birth・day","","not_configured","pending","","","","pending","TRUE","FALSE","FALSE","TRUE","v3規則已通過；句中發音、音訊與授權待人工複核"
"A1","a1-u6","時間與日期","a1-u6-l3-p01","3","a1-u6-l3-p01-s01","1","be-time","be + 時間介系詞片語","A1","TRUE","a1-u6-l3","我的生日在五月","My birthday is in May.","我的生日在五月。","月份前使用 in","a1-u6-l3-t03","3","is","be","be-location-or-time","word","is","be","是","meaning","verb 動詞","verb 動詞","verb 動詞","動作／狀態","","","","","","","/ɪz/","/ɪz/","/ɪz/","","/ɪz/","/ɪz/","is","單音節","is","","not_configured","pending","","","","pending","FALSE","FALSE","FALSE","TRUE","v3規則已通過；句中發音、音訊與授權待人工複核"
"A1","a1-u6","時間與日期","a1-u6-l3-p01","3","a1-u6-l3-p01-s01","1","be-time","be + 時間介系詞片語","A1","TRUE","a1-u6-l3","我的生日在五月","My birthday is in May.","我的生日在五月。","月份前使用 in","a1-u6-l3-t04","4","in","in","in-time","word","in","in","月份前的介系詞","grammar","preposition 介系詞","preposition 介系詞","preposition 介系詞","時間關係","in-may","in May","在五月","1","月份前使用 in；in May 表示在五月。","","/ɪn/","/ɪn/","/ɪn/","","/ɪn/","/ɪn/","in","單音節","in","","not_configured","pending","","","","pending","TRUE","FALSE","TRUE","TRUE","v3規則已通過；句中發音、音訊與授權待人工複核"
"A1","a1-u6","時間與日期","a1-u6-l3-p01","3","a1-u6-l3-p01-s01","1","be-time","be + 時間介系詞片語","A1","TRUE","a1-u6-l3","我的生日在五月","My birthday is in May.","我的生日在五月。","月份前使用 in","a1-u6-l3-t05","5","may","may","may-general","word","May","May","五月","meaning","proper noun 專有名詞","proper noun 專有名詞","proper noun 專有名詞","時間","in-may","in May","在五月","1","月份前使用 in；in May 表示在五月。","","/me/","/meɪ/","/meɪ/","","/me/","/meɪ/","May","單音節","May","","not_configured","pending","","","","pending","TRUE","FALSE","TRUE","TRUE","v3規則已通過；句中發音、音訊與授權待人工複核"
"A1","a1-u6","時間與日期","a1-u6-l4-p01","4","a1-u6-l4-p01-s01","1","from-to-time-range","from ... to ... 表示時間範圍","A1","TRUE","a1-u6-l4","我的工作日","I work from Monday to Friday.","我星期一到星期五上班。","from ... to ... 表示起訖範圍","a1-u6-l4-t01","1","i","i","i-general","word","I","I","我","meaning","pronoun 代名詞","pronoun 代名詞","pronoun 代名詞","指稱","","","","","","","/aɪ/","/aɪ/","/aɪ/","","/aɪ/","/aɪ/","I","單音節","I","英文的 I 永遠要大寫。","not_configured","pending","","","","pending","FALSE","FALSE","FALSE","TRUE","v3規則已通過；句中發音、音訊與授權待人工複核"
"A1","a1-u6","時間與日期","a1-u6-l4-p01","4","a1-u6-l4-p01-s01","1","from-to-time-range","from ... to ... 表示時間範圍","A1","TRUE","a1-u6-l4","我的工作日","I work from Monday to Friday.","我星期一到星期五上班。","from ... to ... 表示起訖範圍","a1-u6-l4-t02","2","work","work","work-verb","word","work","work","工作／上班","meaning","verb／noun 動詞／名詞","verb／noun 動詞／名詞","verb 動詞","工作／目的地","","","","","","","/wɝk/","/wɝːk/","/wɝːk/","","/wɝk/","/wɝːk/","work","單音節","work","","not_configured","pending","","","","pending","FALSE","FALSE","FALSE","TRUE","v3規則已通過；句中發音、音訊與授權待人工複核"
"A1","a1-u6","時間與日期","a1-u6-l4-p01","4","a1-u6-l4-p01-s01","1","from-to-time-range","from ... to ... 表示時間範圍","A1","TRUE","a1-u6-l4","我的工作日","I work from Monday to Friday.","我星期一到星期五上班。","from ... to ... 表示起訖範圍","a1-u6-l4-t03","3","from","from","from-range-start","word","from","from","從","grammar","preposition 介系詞","preposition 介系詞","preposition 介系詞","範圍起點","from-monday-to-friday","from Monday to Friday","從星期一到星期五","1","from ... to ... 表示時間或範圍的起點與終點。","","/frəm/","/frəm/","/frəm/","","/frəm/","/frəm/","from","單音節","from","","not_configured","pending","","","","pending","FALSE","FALSE","TRUE","TRUE","v3規則已通過；句中發音、音訊與授權待人工複核"
"A1","a1-u6","時間與日期","a1-u6-l4-p01","4","a1-u6-l4-p01-s01","1","from-to-time-range","from ... to ... 表示時間範圍","A1","TRUE","a1-u6-l4","我的工作日","I work from Monday to Friday.","我星期一到星期五上班。","from ... to ... 表示起訖範圍","a1-u6-l4-t04","4","monday","monday","monday-general","word","Monday","Monday","星期一","meaning","proper noun 專有名詞","proper noun 專有名詞","proper noun 專有名詞","人／事物／時間","from-monday-to-friday","from Monday to Friday","從星期一到星期五","1","from ... to ... 表示時間或範圍的起點與終點。","","/ˈmʌnde/","/ˈmʌn.deɪ/","/ˈmʌn.deɪ/","","/ˈmʌnde/","/ˈmʌn.deɪ/","Mon-day","第一音節","Mon・day","","not_configured","pending","","","","pending","FALSE","FALSE","TRUE","TRUE","v3規則已通過；句中發音、音訊與授權待人工複核"
"A1","a1-u6","時間與日期","a1-u6-l4-p01","4","a1-u6-l4-p01-s01","1","from-to-time-range","from ... to ... 表示時間範圍","A1","TRUE","a1-u6-l4","我的工作日","I work from Monday to Friday.","我星期一到星期五上班。","from ... to ... 表示起訖範圍","a1-u6-l4-t05","5","to-preposition","to","to-range-end","word","to","to","到","grammar","preposition 介系詞","preposition／infinitive marker 介系詞／不定詞標記","preposition 介系詞","範圍終點","from-monday-to-friday","from Monday to Friday","從星期一到星期五","1","from ... to ... 表示時間或範圍的起點與終點。","","/tə/","/tə/","/tə/","","/tə/","/tə/","to","單音節","to","","not_configured","pending","","","","pending","FALSE","FALSE","TRUE","TRUE","v3規則已通過；句中發音、音訊與授權待人工複核"
"A1","a1-u6","時間與日期","a1-u6-l4-p01","4","a1-u6-l4-p01-s01","1","from-to-time-range","from ... to ... 表示時間範圍","A1","TRUE","a1-u6-l4","我的工作日","I work from Monday to Friday.","我星期一到星期五上班。","from ... to ... 表示起訖範圍","a1-u6-l4-t06","6","friday","friday","friday-general","word","Friday","Friday","星期五","meaning","proper noun 專有名詞","proper noun 專有名詞","proper noun 專有名詞","時間","from-monday-to-friday","from Monday to Friday","從星期一到星期五","1","from ... to ... 表示時間或範圍的起點與終點。","","/ˈfraɪde/","/ˈfraɪ.deɪ/","/ˈfraɪ.deɪ/","","/ˈfraɪde/","/ˈfraɪ.deɪ/","Fri-day","第一音節","Fri・day","","not_configured","pending","","","","pending","TRUE","FALSE","TRUE","TRUE","v3規則已通過；句中發音、音訊與授權待人工複核"
"A1","a1-u7","地點與方向","a1-u7-l1-p01","1","a1-u7-l1-p01-s01","1","be-location","be + 地點表達","A1","FALSE","a1-u7-l1","我在家","I am at home.","我在家。","at home 表示在家","a1-u7-l1-t01","1","i","i","i-general","word","I","I","我","meaning","pronoun 代名詞","pronoun 代名詞","pronoun 代名詞","指稱","","","","","","","/aɪ/","/aɪ/","/aɪ/","","/aɪ/","/aɪ/","I","單音節","I","英文的 I 永遠要大寫。","not_configured","pending","","","","pending","FALSE","FALSE","FALSE","FALSE","v3規則已通過；句中發音、音訊與授權待人工複核"
"A1","a1-u7","地點與方向","a1-u7-l1-p01","1","a1-u7-l1-p01-s01","1","be-location","be + 地點表達","A1","FALSE","a1-u7-l1","我在家","I am at home.","我在家。","at home 表示在家","a1-u7-l1-t02","2","am","be","be-location-or-time","word","am","be","是","meaning","verb 動詞","verb 動詞","verb 動詞","動作／狀態","","","","","","","/æm/","/æm/","/æm/","","/æm/","/æm/","am","單音節","am","am 只和 I 搭配。","not_configured","pending","","","","pending","FALSE","FALSE","FALSE","FALSE","v3規則已通過；句中發音、音訊與授權待人工複核"
"A1","a1-u7","地點與方向","a1-u7-l1-p01","1","a1-u7-l1-p01-s01","1","be-location","be + 地點表達","A1","FALSE","a1-u7-l1","我在家","I am at home.","我在家。","at home 表示在家","a1-u7-l1-t03","3","at","at","at-location","word","at","at","時間或地點前的介系詞","grammar","preposition 介系詞","preposition 介系詞","preposition 介系詞","時間／地點關係","at-home","at home","在家","1","at home 是常見地點語塊，表示在家。","","/æt/","/æt/","/æt/","","/æt/","/æt/","at","單音節","at","","not_configured","pending","","","","pending","FALSE","FALSE","FALSE","FALSE","v3規則已通過；句中發音、音訊與授權待人工複核"
"A1","a1-u7","地點與方向","a1-u7-l1-p01","1","a1-u7-l1-p01-s01","1","be-location","be + 地點表達","A1","FALSE","a1-u7-l1","我在家","I am at home.","我在家。","at home 表示在家","a1-u7-l1-t04","4","home","home","home-general","word","home","home","家","meaning","noun／adverb 名詞／副詞","noun／adverb 名詞／副詞","noun 名詞","地點","at-home","at home","在家","1","at home 是常見地點語塊，表示在家。","","/hom/","/hoʊm/","/hoʊm/","","/hom/","/hoʊm/","home","單音節","home","","not_configured","pending","","","","pending","FALSE","FALSE","FALSE","FALSE","v3規則已通過；句中發音、音訊與授權待人工複核"
"A1","a1-u7","地點與方向","a1-u7-l2-p01","2","a1-u7-l2-p01-s01","1","be-location","be + 地點表達","A1","FALSE","a1-u7-l2","商店在車站附近","The store is near the station.","商店在車站附近。","near 表示在附近","a1-u7-l2-t01","1","the-initial","the","the-definite-article","word","The","the","定冠詞（中文通常不翻譯）","grammar","article 冠詞","article 冠詞","article 冠詞","限定","","","","","","","/ðə/","/ðə/","/ðə/","","/ðə/","/ðə/","The","單音節","The","句首大寫形式；the 指雙方已知或特定的事物。","not_configured","pending","","","","pending","FALSE","FALSE","FALSE","FALSE","v3規則已通過；句中發音、音訊與授權待人工複核"
"A1","a1-u7","地點與方向","a1-u7-l2-p01","2","a1-u7-l2-p01-s01","1","be-location","be + 地點表達","A1","FALSE","a1-u7-l2","商店在車站附近","The store is near the station.","商店在車站附近。","near 表示在附近","a1-u7-l2-t02","2","store","store","store-general","word","store","store","商店","meaning","noun 名詞","noun 名詞","noun 名詞","人／事物／時間","","","","","","","/stɔr/","/stɔːr/","/stɔːr/","","/stɔr/","/stɔːr/","store","單音節","store","","not_configured","pending","","","","pending","TRUE","FALSE","FALSE","TRUE","v3規則已通過；句中發音、音訊與授權待人工複核"
"A1","a1-u7","地點與方向","a1-u7-l2-p01","2","a1-u7-l2-p01-s01","1","be-location","be + 地點表達","A1","FALSE","a1-u7-l2","商店在車站附近","The store is near the station.","商店在車站附近。","near 表示在附近","a1-u7-l2-t03","3","is","be","be-location-or-time","word","is","be","是","meaning","verb 動詞","verb 動詞","verb 動詞","動作／狀態","","","","","","","/ɪz/","/ɪz/","/ɪz/","","/ɪz/","/ɪz/","is","單音節","is","","not_configured","pending","","","","pending","FALSE","FALSE","FALSE","FALSE","v3規則已通過；句中發音、音訊與授權待人工複核"
"A1","a1-u7","地點與方向","a1-u7-l2-p01","2","a1-u7-l2-p01-s01","1","be-location","be + 地點表達","A1","FALSE","a1-u7-l2","商店在車站附近","The store is near the station.","商店在車站附近。","near 表示在附近","a1-u7-l2-t04","4","near","near","near-general","word","near","near","在……附近","meaning","preposition 介系詞","preposition 介系詞","preposition 介系詞","位置關係","","","","","","","/nɪr/","/nɪr/","/nɪr/","","/nɪr/","/nɪr/","near","單音節","near","","not_configured","pending","","","","pending","TRUE","FALSE","FALSE","TRUE","v3規則已通過；句中發音、音訊與授權待人工複核"
"A1","a1-u7","地點與方向","a1-u7-l2-p01","2","a1-u7-l2-p01-s01","1","be-location","be + 地點表達","A1","FALSE","a1-u7-l2","商店在車站附近","The store is near the station.","商店在車站附近。","near 表示在附近","a1-u7-l2-t05","5","the","the","the-definite-article","word","the","the","定冠詞（中文通常不翻譯）","grammar","article 冠詞","article 冠詞","article 冠詞","限定","","","","","","","/ðə/","/ðə/","/ðə/","","/ðə/","/ðə/","the","單音節","the","the 指雙方已知或特定的事物，中文通常不逐字翻譯。","not_configured","pending","","","","pending","FALSE","FALSE","FALSE","FALSE","v3規則已通過；句中發音、音訊與授權待人工複核"
"A1","a1-u7","地點與方向","a1-u7-l2-p01","2","a1-u7-l2-p01-s01","1","be-location","be + 地點表達","A1","FALSE","a1-u7-l2","商店在車站附近","The store is near the station.","商店在車站附近。","near 表示在附近","a1-u7-l2-t06","6","station","station","station-general","word","station","station","車站","meaning","noun 名詞","noun 名詞","noun 名詞","人／事物／時間","","","","","","","/ˈsteʃən/","/ˈsteɪ.ʃən/","/ˈsteɪ.ʃən/","","/ˈsteʃən/","/ˈsteɪ.ʃən/","sta-tion","第一音節","sta・tion","","not_configured","pending","","","","pending","TRUE","FALSE","FALSE","TRUE","v3規則已通過；句中發音、音訊與授權待人工複核"
"A1","a1-u7","地點與方向","a1-u7-l3-p01","3","a1-u7-l3-p01-s01","1","be-location","be + 地點表達","A1","FALSE","a1-u7-l3","洗手間在左邊","The bathroom is on the left.","洗手間在左邊。","on the left 是固定方向語塊","a1-u7-l3-t01","1","the-initial","the","the-definite-article","word","The","the","定冠詞（中文通常不翻譯）","grammar","article 冠詞","article 冠詞","article 冠詞","限定","","","","","","","/ðə/","/ðə/","/ðə/","","/ðə/","/ðə/","The","單音節","The","句首大寫形式；the 指雙方已知或特定的事物。","not_configured","pending","","","","pending","FALSE","FALSE","FALSE","FALSE","v3規則已通過；句中發音、音訊與授權待人工複核"
"A1","a1-u7","地點與方向","a1-u7-l3-p01","3","a1-u7-l3-p01-s01","1","be-location","be + 地點表達","A1","FALSE","a1-u7-l3","洗手間在左邊","The bathroom is on the left.","洗手間在左邊。","on the left 是固定方向語塊","a1-u7-l3-t02","2","bathroom","bathroom","bathroom-general","word","bathroom","bathroom","洗手間","meaning","noun 名詞","noun 名詞","noun 名詞","人／事物／時間","","","","","","","/ˈbæθˌrum/","/ˈbæθ.ruːm/","/ˈbæθ.ruːm/","","/ˈbæθˌrum/","/ˈbæθ.ruːm/","bath-room","第一音節","bath・room","","not_configured","pending","","","","pending","TRUE","FALSE","FALSE","TRUE","v3規則已通過；句中發音、音訊與授權待人工複核"
"A1","a1-u7","地點與方向","a1-u7-l3-p01","3","a1-u7-l3-p01-s01","1","be-location","be + 地點表達","A1","FALSE","a1-u7-l3","洗手間在左邊","The bathroom is on the left.","洗手間在左邊。","on the left 是固定方向語塊","a1-u7-l3-t03","3","is","be","be-location-or-time","word","is","be","是","meaning","verb 動詞","verb 動詞","verb 動詞","動作／狀態","","","","","","","/ɪz/","/ɪz/","/ɪz/","","/ɪz/","/ɪz/","is","單音節","is","","not_configured","pending","","","","pending","FALSE","FALSE","FALSE","FALSE","v3規則已通過；句中發音、音訊與授權待人工複核"
"A1","a1-u7","地點與方向","a1-u7-l3-p01","3","a1-u7-l3-p01-s01","1","be-location","be + 地點表達","A1","FALSE","a1-u7-l3","洗手間在左邊","The bathroom is on the left.","洗手間在左邊。","on the left 是固定方向語塊","a1-u7-l3-t04","4","on","on","on-left-phrase","word","on","on","與 the left 組成「在左邊」","context","preposition 介系詞","preposition 介系詞","preposition 介系詞","方向片語構成","on-the-left","on the left","在左邊","1","on the left 是表示方向的常見語塊。","","/ɑn/","/ɑːn/","/ɑːn/","","/ɑn/","/ɑːn/","on","單音節","on","","not_configured","pending","","","","pending","FALSE","FALSE","TRUE","TRUE","v3規則已通過；句中發音、音訊與授權待人工複核"
"A1","a1-u7","地點與方向","a1-u7-l3-p01","3","a1-u7-l3-p01-s01","1","be-location","be + 地點表達","A1","FALSE","a1-u7-l3","洗手間在左邊","The bathroom is on the left.","洗手間在左邊。","on the left 是固定方向語塊","a1-u7-l3-t05","5","the","the","the-definite-article","word","the","the","定冠詞（中文通常不翻譯）","grammar","article 冠詞","article 冠詞","article 冠詞","限定","on-the-left","on the left","在左邊","1","on the left 是表示方向的常見語塊。","","/ðə/","/ðə/","/ðə/","","/ðə/","/ðə/","the","單音節","the","the 指雙方已知或特定的事物，中文通常不逐字翻譯。","not_configured","pending","","","","pending","FALSE","FALSE","TRUE","TRUE","v3規則已通過；句中發音、音訊與授權待人工複核"
"A1","a1-u7","地點與方向","a1-u7-l3-p01","3","a1-u7-l3-p01-s01","1","be-location","be + 地點表達","A1","FALSE","a1-u7-l3","洗手間在左邊","The bathroom is on the left.","洗手間在左邊。","on the left 是固定方向語塊","a1-u7-l3-t06","6","left","left","left-direction-noun","word","left","left","左邊","meaning","noun／adjective 名詞／形容詞","noun／adjective 名詞／形容詞","noun 名詞","方向","on-the-left","on the left","在左邊","1","on the left 是表示方向的常見語塊。","","/lɛft/","/left/","/left/","","/lɛft/","/left/","left","單音節","left","","not_configured","pending","","","","pending","TRUE","FALSE","TRUE","TRUE","v3規則已通過；句中發音、音訊與授權待人工複核"
"A1","a1-u7","地點與方向","a1-u7-l4-p01","4","a1-u7-l4-p01-s01","1","go-to-place-by-transport","go to + 地點 + by + 交通工具","A1","TRUE","a1-u7-l4","我搭公車上學","I go to school by bus.","我搭公車上學。","by 加交通工具","a1-u7-l4-t01","1","i","i","i-general","word","I","I","我","meaning","pronoun 代名詞","pronoun 代名詞","pronoun 代名詞","指稱","","","","","","","/aɪ/","/aɪ/","/aɪ/","","/aɪ/","/aɪ/","I","單音節","I","英文的 I 永遠要大寫。","not_configured","pending","","","","pending","FALSE","FALSE","FALSE","TRUE","v3規則已通過；句中發音、音訊與授權待人工複核"
"A1","a1-u7","地點與方向","a1-u7-l4-p01","4","a1-u7-l4-p01-s01","1","go-to-place-by-transport","go to + 地點 + by + 交通工具","A1","TRUE","a1-u7-l4","我搭公車上學","I go to school by bus.","我搭公車上學。","by 加交通工具","a1-u7-l4-t02","2","go","go","go-general","word","go","go","去","meaning","verb 動詞","verb 動詞","verb 動詞","移動","go-to-school","go to school","去上學","1","go to school 是常見搭配，表示去上學。","","/go/","/ɡoʊ/","/ɡoʊ/","","/go/","/ɡoʊ/","go","單音節","go","","not_configured","pending","","","","pending","FALSE","FALSE","TRUE","TRUE","v3規則已通過；句中發音、音訊與授權待人工複核"
"A1","a1-u7","地點與方向","a1-u7-l4-p01","4","a1-u7-l4-p01-s01","1","go-to-place-by-transport","go to + 地點 + by + 交通工具","A1","TRUE","a1-u7-l4","我搭公車上學","I go to school by bus.","我搭公車上學。","by 加交通工具","a1-u7-l4-t03","3","to-preposition","to","to-destination","word","to","to","方向或目的地前的介系詞","grammar","preposition 介系詞","preposition／infinitive marker 介系詞／不定詞標記","preposition 介系詞","方向／目的地","go-to-school","go to school","去上學","1","go to school 是常見搭配，表示去上學。","","/tə/","/tə/","/tə/","","/tə/","/tə/","to","單音節","to","","not_configured","pending","","","","pending","FALSE","FALSE","TRUE","TRUE","v3規則已通過；句中發音、音訊與授權待人工複核"
"A1","a1-u7","地點與方向","a1-u7-l4-p01","4","a1-u7-l4-p01-s01","1","go-to-place-by-transport","go to + 地點 + by + 交通工具","A1","TRUE","a1-u7-l4","我搭公車上學","I go to school by bus.","我搭公車上學。","by 加交通工具","a1-u7-l4-t04","4","school","school","school-general","word","school","school","學校","meaning","noun 名詞","noun 名詞","noun 名詞","地點","go-to-school","go to school","去上學","1","go to school 是常見搭配，表示去上學。","","/skul/","/skuːl/","/skuːl/","","/skul/","/skuːl/","school","單音節","school","","not_configured","pending","","","","pending","TRUE","FALSE","TRUE","TRUE","v3規則已通過；句中發音、音訊與授權待人工複核"
"A1","a1-u7","地點與方向","a1-u7-l4-p01","4","a1-u7-l4-p01-s01","1","go-to-place-by-transport","go to + 地點 + by + 交通工具","A1","TRUE","a1-u7-l4","我搭公車上學","I go to school by bus.","我搭公車上學。","by 加交通工具","a1-u7-l4-t05","5","by","by","by-transport","word","by","by","表示交通方式的介系詞","grammar","preposition 介系詞","preposition 介系詞","preposition 介系詞","交通方式","by-bus","by bus","搭公車","2","by 加交通工具表示交通方式。","","/baɪ/","/baɪ/","/baɪ/","","/baɪ/","/baɪ/","by","單音節","by","","not_configured","pending","","","","pending","TRUE","FALSE","TRUE","TRUE","v3規則已通過；句中發音、音訊與授權待人工複核"
"A1","a1-u7","地點與方向","a1-u7-l4-p01","4","a1-u7-l4-p01-s01","1","go-to-place-by-transport","go to + 地點 + by + 交通工具","A1","TRUE","a1-u7-l4","我搭公車上學","I go to school by bus.","我搭公車上學。","by 加交通工具","a1-u7-l4-t06","6","bus","bus","bus-general","word","bus","bus","公車","meaning","noun 名詞","noun 名詞","noun 名詞","交通工具","by-bus","by bus","搭公車","2","by 加交通工具表示交通方式。","","/bʌs/","/bʌs/","/bʌs/","","/bʌs/","/bʌs/","bus","單音節","bus","","not_configured","pending","","","","pending","TRUE","FALSE","TRUE","TRUE","v3規則已通過；句中發音、音訊與授權待人工複核"
"A1","a1-u8","A1 綜合短文","a1-u8-p01","1","a1-u8-p01-s01","1","action-at-time","動作 + at + 時間","A1","FALSE","a1-u8-l1","早晨起床","I get up at seven.","我七點起床。","複習 get up 與 at 加時間。","a1-u8-l1-t01","1","i","i","i-general","word","I","I","我","meaning","pronoun 代名詞","pronoun 代名詞","pronoun 代名詞","指稱","","","","","","","/aɪ/","/aɪ/","/aɪ/","","/aɪ/","/aɪ/","I","單音節","I","英文的 I 永遠要大寫。","not_configured","pending","","","","pending","FALSE","FALSE","FALSE","FALSE","v3規則已通過；句中發音、音訊與授權待人工複核"
"A1","a1-u8","A1 綜合短文","a1-u8-p01","1","a1-u8-p01-s01","1","action-at-time","動作 + at + 時間","A1","FALSE","a1-u8-l1","早晨起床","I get up at seven.","我七點起床。","複習 get up 與 at 加時間。","a1-u8-l1-t02","2","get","get","get-general","word","get","get","「get up」的第一個字","context","verb 動詞","verb 動詞","verb 動詞","片語動詞構成","get-up","get up","起床","1","get up 是片語動詞，整體意思是起床；不可把兩字硬拆成「取得、向上」。","","/gɛt/","/ɡet/","/ɡet/","","/gɛt/","/ɡet/","get","單音節","get","在本課與 up 組成 get up；不要單獨解釋成「取得」。","not_configured","pending","","","","pending","FALSE","FALSE","FALSE","FALSE","v3規則已通過；句中發音、音訊與授權待人工複核"
"A1","a1-u8","A1 綜合短文","a1-u8-p01","1","a1-u8-p01-s01","1","action-at-time","動作 + at + 時間","A1","FALSE","a1-u8-l1","早晨起床","I get up at seven.","我七點起床。","複習 get up 與 at 加時間。","a1-u8-l1-t03","3","up","up","up-general","word","up","up","完成「get up」片語","context","particle 小品詞","particle 小品詞","particle 小品詞","片語動詞構成","get-up","get up","起床","1","get up 是片語動詞，整體意思是起床；不可把兩字硬拆成「取得、向上」。","","/ʌp/","/ʌp/","/ʌp/","","/ʌp/","/ʌp/","up","單音節","up","在本課與 get 組成 get up；不要單獨解釋成「向上」。","not_configured","pending","","","","pending","FALSE","FALSE","FALSE","FALSE","v3規則已通過；句中發音、音訊與授權待人工複核"
"A1","a1-u8","A1 綜合短文","a1-u8-p01","1","a1-u8-p01-s01","1","action-at-time","動作 + at + 時間","A1","FALSE","a1-u8-l1","早晨起床","I get up at seven.","我七點起床。","複習 get up 與 at 加時間。","a1-u8-l1-t04","4","at","at","at-time","word","at","at","時間或地點前的介系詞","grammar","preposition 介系詞","preposition 介系詞","preposition 介系詞","時間／地點關係","at-seven","at seven","在七點","2","at 加整點時間；本組合表示在七點。","at-clock-time","/æt/","/æt/","/æt/","","/æt/","/æt/","at","單音節","at","","not_configured","pending","","","","pending","FALSE","FALSE","FALSE","FALSE","v3規則已通過；句中發音、音訊與授權待人工複核"
"A1","a1-u8","A1 綜合短文","a1-u8-p01","1","a1-u8-p01-s01","1","action-at-time","動作 + at + 時間","A1","FALSE","a1-u8-l1","早晨起床","I get up at seven.","我七點起床。","複習 get up 與 at 加時間。","a1-u8-l1-t05","5","seven","seven","seven-general","word","seven","seven","七","meaning","number 數詞","number 數詞","number 數詞","數量／時間","at-seven","at seven","在七點","2","at 加整點時間；本組合表示在七點。","at-clock-time","/ˈsɛvən/","/ˈsev.ən/","/ˈsev.ən/","","/ˈsɛvən/","/ˈsev.ən/","sev-en","第一音節","sev・en","","not_configured","pending","","","","pending","FALSE","FALSE","FALSE","FALSE","v3規則已通過；句中發音、音訊與授權待人工複核"
"A1","a1-u8","A1 綜合短文","a1-u8-p01","1","a1-u8-p01-s02","2","action-at-location","動作 + at + 地點","A1","FALSE","a1-u8-l2","在家吃早餐","I eat breakfast at home.","我在家吃早餐。","複習 eat breakfast 與 at home。","a1-u8-l2-t01","1","i","i","i-general","word","I","I","我","meaning","pronoun 代名詞","pronoun 代名詞","pronoun 代名詞","指稱","","","","","","","/aɪ/","/aɪ/","/aɪ/","","/aɪ/","/aɪ/","I","單音節","I","英文的 I 永遠要大寫。","not_configured","pending","","","","pending","FALSE","FALSE","FALSE","FALSE","v3規則已通過；句中發音、音訊與授權待人工複核"
"A1","a1-u8","A1 綜合短文","a1-u8-p01","1","a1-u8-p01-s02","2","action-at-location","動作 + at + 地點","A1","FALSE","a1-u8-l2","在家吃早餐","I eat breakfast at home.","我在家吃早餐。","複習 eat breakfast 與 at home。","a1-u8-l2-t02","2","eat","eat","eat-general","word","eat","eat","吃","meaning","verb 動詞","verb 動詞","verb 動詞","動作","eat-breakfast","eat breakfast","吃早餐","1","eat breakfast 是常見搭配，表示吃早餐。","","/it/","/iːt/","/iːt/","","/it/","/iːt/","eat","單音節","eat","","not_configured","pending","","","","pending","FALSE","FALSE","FALSE","FALSE","v3規則已通過；句中發音、音訊與授權待人工複核"
"A1","a1-u8","A1 綜合短文","a1-u8-p01","1","a1-u8-p01-s02","2","action-at-location","動作 + at + 地點","A1","FALSE","a1-u8-l2","在家吃早餐","I eat breakfast at home.","我在家吃早餐。","複習 eat breakfast 與 at home。","a1-u8-l2-t03","3","breakfast","breakfast","breakfast-general","word","breakfast","breakfast","早餐","meaning","noun 名詞","noun 名詞","noun 名詞","事物","eat-breakfast","eat breakfast","吃早餐","1","eat breakfast 是常見搭配，表示吃早餐。","","/ˈbrɛkfəst/","/ˈbrek.fəst/","/ˈbrek.fəst/","","/ˈbrɛkfəst/","/ˈbrek.fəst/","break-fast","第一音節","break・fast","","not_configured","pending","","","","pending","FALSE","FALSE","FALSE","FALSE","v3規則已通過；句中發音、音訊與授權待人工複核"
"A1","a1-u8","A1 綜合短文","a1-u8-p01","1","a1-u8-p01-s02","2","action-at-location","動作 + at + 地點","A1","FALSE","a1-u8-l2","在家吃早餐","I eat breakfast at home.","我在家吃早餐。","複習 eat breakfast 與 at home。","a1-u8-l2-t04","4","at","at","at-location","word","at","at","時間或地點前的介系詞","grammar","preposition 介系詞","preposition 介系詞","preposition 介系詞","時間／地點關係","at-home","at home","在家","2","at home 是常見地點語塊，表示在家。","","/æt/","/æt/","/æt/","","/æt/","/æt/","at","單音節","at","","not_configured","pending","","","","pending","FALSE","FALSE","FALSE","FALSE","v3規則已通過；句中發音、音訊與授權待人工複核"
"A1","a1-u8","A1 綜合短文","a1-u8-p01","1","a1-u8-p01-s02","2","action-at-location","動作 + at + 地點","A1","FALSE","a1-u8-l2","在家吃早餐","I eat breakfast at home.","我在家吃早餐。","複習 eat breakfast 與 at home。","a1-u8-l2-t05","5","home","home","home-general","word","home","home","家","meaning","noun／adverb 名詞／副詞","noun／adverb 名詞／副詞","noun 名詞","地點","at-home","at home","在家","2","at home 是常見地點語塊，表示在家。","","/hom/","/hoʊm/","/hoʊm/","","/hom/","/hoʊm/","home","單音節","home","","not_configured","pending","","","","pending","FALSE","FALSE","FALSE","FALSE","v3規則已通過；句中發音、音訊與授權待人工複核"
"A1","a1-u8","A1 綜合短文","a1-u8-p01","1","a1-u8-p01-s03","3","go-to-place-at-time","go to + 地點 + at + 時間","A1","TRUE","a1-u8-l3","八點去上班","I go to work at eight.","我八點去上班。","複習 go to work 與 at 加時間。","a1-u8-l3-t01","1","i","i","i-general","word","I","I","我","meaning","pronoun 代名詞","pronoun 代名詞","pronoun 代名詞","指稱","","","","","","","/aɪ/","/aɪ/","/aɪ/","","/aɪ/","/aɪ/","I","單音節","I","英文的 I 永遠要大寫。","not_configured","pending","","","","pending","FALSE","FALSE","FALSE","TRUE","v3規則已通過；句中發音、音訊與授權待人工複核"
"A1","a1-u8","A1 綜合短文","a1-u8-p01","1","a1-u8-p01-s03","3","go-to-place-at-time","go to + 地點 + at + 時間","A1","TRUE","a1-u8-l3","八點去上班","I go to work at eight.","我八點去上班。","複習 go to work 與 at 加時間。","a1-u8-l3-t02","2","go","go","go-general","word","go","go","去","meaning","verb 動詞","verb 動詞","verb 動詞","移動","go-to-work","go to work","去上班","1","go to work 是常見搭配，整體表示去上班。","","/go/","/ɡoʊ/","/ɡoʊ/","","/go/","/ɡoʊ/","go","單音節","go","","not_configured","pending","","","","pending","FALSE","FALSE","FALSE","TRUE","v3規則已通過；句中發音、音訊與授權待人工複核"
"A1","a1-u8","A1 綜合短文","a1-u8-p01","1","a1-u8-p01-s03","3","go-to-place-at-time","go to + 地點 + at + 時間","A1","TRUE","a1-u8-l3","八點去上班","I go to work at eight.","我八點去上班。","複習 go to work 與 at 加時間。","a1-u8-l3-t03","3","to-preposition","to","to-destination","word","to","to","方向或目的地前的介系詞","grammar","preposition 介系詞","preposition／infinitive marker 介系詞／不定詞標記","preposition 介系詞","方向／目的地","go-to-work","go to work","去上班","1","go to work 是常見搭配，整體表示去上班。","","/tə/","/tə/","/tə/","","/tə/","/tə/","to","單音節","to","","not_configured","pending","","","","pending","FALSE","FALSE","FALSE","TRUE","v3規則已通過；句中發音、音訊與授權待人工複核"
"A1","a1-u8","A1 綜合短文","a1-u8-p01","1","a1-u8-p01-s03","3","go-to-place-at-time","go to + 地點 + at + 時間","A1","TRUE","a1-u8-l3","八點去上班","I go to work at eight.","我八點去上班。","複習 go to work 與 at 加時間。","a1-u8-l3-t04","4","work","work","work-noun","word","work","work","工作／上班","meaning","verb／noun 動詞／名詞","verb／noun 動詞／名詞","noun 名詞","工作／目的地","go-to-work","go to work","去上班","1","go to work 是常見搭配，整體表示去上班。","","/wɝk/","/wɝːk/","/wɝːk/","","/wɝk/","/wɝːk/","work","單音節","work","","not_configured","pending","","","","pending","FALSE","FALSE","FALSE","TRUE","v3規則已通過；句中發音、音訊與授權待人工複核"
"A1","a1-u8","A1 綜合短文","a1-u8-p01","1","a1-u8-p01-s03","3","go-to-place-at-time","go to + 地點 + at + 時間","A1","TRUE","a1-u8-l3","八點去上班","I go to work at eight.","我八點去上班。","複習 go to work 與 at 加時間。","a1-u8-l3-t05","5","at","at","at-time","word","at","at","時間或地點前的介系詞","grammar","preposition 介系詞","preposition 介系詞","preposition 介系詞","時間／地點關係","at-eight","at eight","在八點","2","at 加整點時間；本組合表示在八點。","at-clock-time","/æt/","/æt/","/æt/","","/æt/","/æt/","at","單音節","at","","not_configured","pending","","","","pending","FALSE","FALSE","TRUE","TRUE","v3規則已通過；句中發音、音訊與授權待人工複核"
"A1","a1-u8","A1 綜合短文","a1-u8-p01","1","a1-u8-p01-s03","3","go-to-place-at-time","go to + 地點 + at + 時間","A1","TRUE","a1-u8-l3","八點去上班","I go to work at eight.","我八點去上班。","複習 go to work 與 at 加時間。","a1-u8-l3-t06","6","eight","eight","eight-general","word","eight","eight","八","meaning","number 數詞","number 數詞","number 數詞","數量／時間","at-eight","at eight","在八點","2","at 加整點時間；本組合表示在八點。","at-clock-time","/et/","/eɪt/","/eɪt/","","/et/","/eɪt/","eight","單音節","eight","","not_configured","pending","","","","pending","FALSE","FALSE","TRUE","TRUE","v3規則已通過；句中發音、音訊與授權待人工複核"
"A1","a1-u8","A1 綜合短文","a1-u8-p01","1","a1-u8-p01-s04","4","go-to-place-by-transport","go to + 地點 + by + 交通工具","A1","FALSE","a1-u8-l4","搭公車上班","I go to work by bus.","我搭公車去上班。","複習 go to work 與 by 加交通工具。","a1-u8-l4-t01","1","i","i","i-general","word","I","I","我","meaning","pronoun 代名詞","pronoun 代名詞","pronoun 代名詞","指稱","","","","","","","/aɪ/","/aɪ/","/aɪ/","","/aɪ/","/aɪ/","I","單音節","I","英文的 I 永遠要大寫。","not_configured","pending","","","","pending","FALSE","FALSE","FALSE","FALSE","v3規則已通過；句中發音、音訊與授權待人工複核"
"A1","a1-u8","A1 綜合短文","a1-u8-p01","1","a1-u8-p01-s04","4","go-to-place-by-transport","go to + 地點 + by + 交通工具","A1","FALSE","a1-u8-l4","搭公車上班","I go to work by bus.","我搭公車去上班。","複習 go to work 與 by 加交通工具。","a1-u8-l4-t02","2","go","go","go-general","word","go","go","去","meaning","verb 動詞","verb 動詞","verb 動詞","移動","go-to-work","go to work","去上班","1","go to work 是常見搭配，整體表示去上班。","","/go/","/ɡoʊ/","/ɡoʊ/","","/go/","/ɡoʊ/","go","單音節","go","","not_configured","pending","","","","pending","FALSE","FALSE","FALSE","FALSE","v3規則已通過；句中發音、音訊與授權待人工複核"
"A1","a1-u8","A1 綜合短文","a1-u8-p01","1","a1-u8-p01-s04","4","go-to-place-by-transport","go to + 地點 + by + 交通工具","A1","FALSE","a1-u8-l4","搭公車上班","I go to work by bus.","我搭公車去上班。","複習 go to work 與 by 加交通工具。","a1-u8-l4-t03","3","to-preposition","to","to-destination","word","to","to","方向或目的地前的介系詞","grammar","preposition 介系詞","preposition／infinitive marker 介系詞／不定詞標記","preposition 介系詞","方向／目的地","go-to-work","go to work","去上班","1","go to work 是常見搭配，整體表示去上班。","","/tə/","/tə/","/tə/","","/tə/","/tə/","to","單音節","to","","not_configured","pending","","","","pending","FALSE","FALSE","FALSE","FALSE","v3規則已通過；句中發音、音訊與授權待人工複核"
"A1","a1-u8","A1 綜合短文","a1-u8-p01","1","a1-u8-p01-s04","4","go-to-place-by-transport","go to + 地點 + by + 交通工具","A1","FALSE","a1-u8-l4","搭公車上班","I go to work by bus.","我搭公車去上班。","複習 go to work 與 by 加交通工具。","a1-u8-l4-t04","4","work","work","work-noun","word","work","work","工作／上班","meaning","verb／noun 動詞／名詞","verb／noun 動詞／名詞","noun 名詞","工作／目的地","go-to-work","go to work","去上班","1","go to work 是常見搭配，整體表示去上班。","","/wɝk/","/wɝːk/","/wɝːk/","","/wɝk/","/wɝːk/","work","單音節","work","","not_configured","pending","","","","pending","FALSE","FALSE","FALSE","FALSE","v3規則已通過；句中發音、音訊與授權待人工複核"
"A1","a1-u8","A1 綜合短文","a1-u8-p01","1","a1-u8-p01-s04","4","go-to-place-by-transport","go to + 地點 + by + 交通工具","A1","FALSE","a1-u8-l4","搭公車上班","I go to work by bus.","我搭公車去上班。","複習 go to work 與 by 加交通工具。","a1-u8-l4-t05","5","by","by","by-transport","word","by","by","表示交通方式的介系詞","grammar","preposition 介系詞","preposition 介系詞","preposition 介系詞","交通方式","by-bus","by bus","搭公車","2","by 加交通工具表示交通方式。","","/baɪ/","/baɪ/","/baɪ/","","/baɪ/","/baɪ/","by","單音節","by","","not_configured","pending","","","","pending","FALSE","FALSE","FALSE","FALSE","v3規則已通過；句中發音、音訊與授權待人工複核"
"A1","a1-u8","A1 綜合短文","a1-u8-p01","1","a1-u8-p01-s04","4","go-to-place-by-transport","go to + 地點 + by + 交通工具","A1","FALSE","a1-u8-l4","搭公車上班","I go to work by bus.","我搭公車去上班。","複習 go to work 與 by 加交通工具。","a1-u8-l4-t06","6","bus","bus","bus-general","word","bus","bus","公車","meaning","noun 名詞","noun 名詞","noun 名詞","交通工具","by-bus","by bus","搭公車","2","by 加交通工具表示交通方式。","","/bʌs/","/bʌs/","/bʌs/","","/bʌs/","/bʌs/","bus","單音節","bus","","not_configured","pending","","","","pending","FALSE","FALSE","FALSE","FALSE","v3規則已通過；句中發音、音訊與授權待人工複核"
